1,3,(1445,2.1143),(1058,2.12123),(633,2.1311)
2,3,(1003,2.18679),(1060,2.20623),(215,2.21774)
3,3,(558,2.08078),(1340,2.1138),(569,2.11391)
4,3,(414,2.09513),(1302,2.10162),(1415,2.12747)
5,3,(638,2.12663),(330,2.14038),(116,2.14422)
6,3,(760,2.46764),(230,2.47325),(111,2.50856)
7,3,(642,2.11674),(60,2.13586),(567,2.13922)
8,3,(64,2.17015),(944,2.18063),(399,2.19765)
9,3,(84,2.1233),(609,2.12747),(624,2.13245)
10,3,(1136,2.17219),(64,2.17435),(69,2.18501)
11,3,(51,2.11785),(127,2.12156),(1197,2.12388)
12,3,(1136,2.10812),(11,2.14121),(543,2.16908)
13,3,(1419,2.20755),(887,2.21595),(777,2.21604)
14,3,(1239,2.1465),(142,2.16448),(850,2.18563)
15,3,(302,2.15928),(898,2.16502),(1235,2.18364)
16,3,(1272,2.10058),(182,2.11896),(157,2.13077)
17,3,(1252,2.12149),(526,2.17265),(1287,2.20722)
18,3,(1304,2.11909),(386,2.1253),(387,2.1253)
19,3,(150,2.10823),(903,2.12891),(373,2.13851)
20,3,(1292,2.10869),(620,2.12234),(1350,2.13642)
21,3,(372,2.09156),(1066,2.10058),(661,2.10247)
22,3,(563,2.10539),(1348,2.12642),(768,2.12999)
23,3,(550,2.10241),(1411,2.13616),(88,2.15402)
24,3,(25,2.0948),(145,2.10233),(1216,2.10642)
25,3,(1264,2.05662),(24,2.0948),(1265,2.09552)
26,3,(455,2.11322),(194,2.11759),(921,2.11857)
27,3,(366,2.09044),(165,2.16253),(1304,2.1727)
28,3,(1331,2.04546),(1302,2.09564),(622,2.10526)
29,3,(620,2.10208),(55,2.16694),(20,2.20195)
30,3,(327,2.2433),(1387,2.2933),(70,2.31496)
31,3,(780,2.14479),(1309,2.18011),(469,2.18859)
32,3,(1455,2.31381),(567,2.33493),(7,2.34271)
33,3,(304,2.28612),(1436,2.31604),(1251,2.32212)
34,3,(629,2.12565),(861,2.18152),(912,2.22838)
35,3,(1437,2.12527),(1457,2.13192),(635,2.15777)
36,3,(1411,2.20518),(213,2.2076),(97,2.22875)
37,3,(332,2.16219),(23,2.17069),(199,2.17236)
38,3,(64,2.09544),(278,2.12927),(1070,2.13137)
39,3,(458,2.14014),(1240,2.16367),(850,2.17745)
40,3,(1255,2.14201),(652,2.16362),(725,2.17408)
41,3,(496,2.1163),(720,2.16917),(293,2.18053)
42,3,(552,2.24968),(364,2.2533),(581,2.26986)
43,3,(512,2.14701),(49,2.19646),(199,2.22266)
44,3,(112,2.11201),(325,2.13058),(517,2.13312)
45,3,(543,2.10136),(179,2.10643),(828,2.13384)
46,3,(675,2.29406),(1133,2.31884),(753,2.32282)
47,3,(1144,2.33802),(713,2.38283),(513,2.38997)
48,3,(1035,2.11928),(1405,2.12182),(648,2.12384)
49,3,(332,2.17442),(43,2.19646),(1186,2.20545)
50,3,(368,2.21651),(1345,2.24942),(1428,2.26091)
51,3,(92,2.1046),(690,2.10871),(1066,2.11766)
52,3,(534,2.20642),(1460,2.26201),(1105,2.2723)
53,3,(90,2.19057),(675,2.23644),(890,2.23953)
54,3,(943,2.0844),(913,2.09312),(910,2.09572)
55,3,(56,2.05818),(143,2.10525),(620,2.13227)
56,3,(55,2.05818),(143,2.11603),(898,2.12668)
57,3,(430,2.10797),(3,2.12727),(1161,2.1681)
58,3,(239,2.0411),(1310,2.1504),(511,2.15889)
59,3,(858,2.08409),(1348,2.09422),(1335,2.11817)
60,3,(433,2.11836),(7,2.13586),(521,2.16953)
61,3,(330,2.1496),(480,2.22169),(81,2.2428)
62,3,(499,2.15942),(1149,2.17459),(658,2.17707)
63,3,(1245,2.12325),(1181,2.14149),(479,2.18927)
64,3,(38,2.09544),(431,2.14754),(8,2.17015)
65,3,(1326,2.17194),(1330,2.19279),(1352,2.19584)
66,3,(1153,2.13642),(763,2.14999),(1352,2.16538)
67,3,(298,2.13038),(656,2.17749),(1216,2.17845)
68,3,(246,2.0652),(1341,2.11135),(1327,2.12506)
69,3,(1458,2.06415),(1354,2.11792),(328,2.12304)
70,3,(306,2.17752),(1387,2.23802),(327,2.23983)
71,3,(1049,2.11513),(769,2.12803),(1296,2.13154)
72,3,(189,2.1381),(491,2.14434),(663,2.17545)
73,3,(195,2.20013),(212,2.23741),(567,2.26039)
74,3,(608,2.08935),(453,2.13369),(548,2.16404)
75,3,(772,2.08695),(922,2.09869),(951,2.13674)
76,3,(784,2.18609),(829,2.2224),(518,2.24018)
77,3,(652,2.11728),(602,2.13716),(1240,2.16569)
78,3,(194,2.13707),(549,2.14376),(732,2.14872)
79,3,(100,2.18025),(77,2.27365),(625,2.2771)
80,3,(184,2.16381),(1005,2.17083),(560,2.18759)
81,3,(218,2.12446),(670,2.14786),(118,2.14803)
82,3,(458,2.13123),(1005,2.16519),(452,2.17686)
83,3,(536,2.20257),(207,2.23121),(26,2.25054)
84,3,(624,2.11135),(9,2.1233),(1025,2.17148)
85,3,(559,2.49125),(320,2.5121),(610,2.55565)
86,3,(794,2.34185),(1120,2.34201),(448,2.35643)
87,3,(1042,2.0957),(450,2.13272),(1418,2.13805)
88,3,(23,2.15402),(1443,2.17149),(792,2.17519)
89,3,(1204,2.17344),(607,2.19916),(848,2.2018)
90,3,(53,2.19057),(1002,2.22576),(670,2.23793)
91,3,(232,2.24114),(1307,2.26532),(90,2.29289)
92,3,(51,2.1046),(1066,2.13433),(11,2.15751)
93,3,(141,2.10162),(262,2.12863),(516,2.13019)
94,3,(1436,2.18998),(146,2.26312),(1099,2.28542)
95,3,(791,2.12883),(640,2.18408),(1459,2.19823)
96,3,(144,2.13258),(101,2.17344),(1203,2.17368)
97,3,(213,2.19141),(820,2.19491),(1143,2.22499)
98,3,(192,2.12866),(347,2.18624),(493,2.21007)
99,3,(1421,2.15012),(792,2.1533),(1266,2.17044)
100,3,(79,2.18025),(56,2.18374),(143,2.19667)
101,3,(96,2.17344),(432,2.17576),(1406,2.19785)
102,3,(447,2.14066),(1408,2.14273),(1124,2.14577)
103,3,(861,2.21731),(436,2.22381),(437,2.22381)
104,3,(1036,2.2767),(1134,2.31729),(1164,2.35558)
105,3,(1012,2.08759),(1013,2.08759),(1405,2.1083)
106,3,(570,2.10786),(1386,2.11519),(341,2.12831)
107,3,(373,2.10142),(1282,2.10148),(1070,2.10402)
108,3,(505,2.07376),(186,2.0981),(135,2.12553)
109,3,(3,2.18958),(1340,2.20004),(430,2.2064)
110,3,(1102,2.18358),(912,2.21175),(1430,2.21876)
111,3,(760,2.3465),(6,2.50856),(176,2.69972)
112,3,(44,2.11201),(716,2.13006),(517,2.13668)
113,3,(384,2.27234),(146,2.28537),(718,2.2938)
114,3,(5,2.16883),(330,2.19402),(1096,2.2013)
115,3,(1080,2.36413),(534,2.41275),(1416,2.43847)
116,3,(403,2.12154),(5,2.14422),(829,2.17783)
117,3,(602,2.14512),(1119,2.15942),(1143,2.19175)
118,3,(829,2.14032),(81,2.14803),(518,2.15033)
119,3,(662,2.34018),(812,2.34969),(276,2.35695)
120,3,(727,2.14899),(454,2.19961),(611,2.21597)
121,3,(1393,2.15401),(205,2.19097),(1441,2.19136)
122,3,(1255,2.10792),(627,2.12272),(652,2.12745)
123,3,(1143,2.10312),(602,2.14975),(1186,2.21453)
124,3,(860,2.17805),(680,2.21793),(636,2.22118)
125,3,(1065,2.145),(863,2.17169),(1439,2.18993)
126,3,(870,2.08902),(885,2.11455),(527,2.11481)
127,3,(543,2.0981),(805,2.10649),(1282,2.12032)
128,3,(1048,2.19702),(1461,2.21616),(440,2.22702)
129,3,(268,2.15278),(386,2.16702),(451,2.16914)
130,3,(1481,2.23721),(947,2.25402),(1096,2.28609)
131,3,(1475,2.10435),(664,2.14076),(667,2.14363)
132,3,(679,2.18728),(1003,2.1876),(390,2.21428)
133,3,(969,2.21213),(827,2.21651),(224,2.22617)
134,3,(583,2.10384),(671,2.10727),(1220,2.13104)
135,3,(575,2.10091),(108,2.12553),(186,2.12844)
136,3,(1371,2.16304),(959,2.17693),(686,2.18486)
137,3,(1113,2.21293),(893,2.24671),(1385,2.25013)
138,3,(356,2.08305),(1159,2.13286),(997,2.13421)
139,3,(1256,2.12662),(358,2.152),(438,2.16207)
140,3,(541,2.2742),(538,2.27458),(1325,2.30406)
141,3,(93,2.10162),(365,2.10291),(858,2.12662)
142,3,(557,2.11155),(531,2.12502),(1238,2.12765)
143,3,(55,2.10525),(56,2.11603),(898,2.12792)
144,3,(96,2.13258),(297,2.17031),(1203,2.17836)
145,3,(1225,2.08766),(24,2.10233),(356,2.122)
146,3,(94,2.26312),(113,2.28537),(1224,2.33645)
147,3,(151,2.09532),(387,2.12088),(386,2.14088)
148,3,(136,2.21299),(884,2.22006),(132,2.23082)
149,3,(555,2.33477),(1383,2.3498),(1276,2.42146)
150,3,(701,2.09375),(19,2.10823),(372,2.12754)
151,3,(147,2.09532),(387,2.12634),(1038,2.14519)
152,3,(1252,2.19167),(1483,2.19504),(586,2.2043)
153,3,(1231,2.25884),(887,2.26777),(1419,2.27122)
154,3,(864,2.12609),(399,2.13304),(865,2.17811)
155,3,(215,2.1659),(255,2.21127),(1399,2.2281)
156,3,(519,2.07421),(258,2.09889),(751,2.14323)
157,3,(909,2.10695),(16,2.13077),(267,2.14993)
158,3,(785,2.29489),(266,2.349),(1305,2.36682)
159,3,(734,2.07669),(371,2.09115),(457,2.10018)
160,3,(1186,2.12602),(332,2.23408),(123,2.23757)
161,3,(162,0),(1284,0.277448),(1283,0.289779)
162,3,(161,0),(1284,0.277448),(1283,0.289779)
163,3,(1089,2.06025),(881,2.07298),(1118,2.09681)
164,3,(892,2.15539),(385,2.17435),(700,2.17955)
165,3,(796,2.08513),(585,2.09156),(274,2.11544)
166,3,(190,2.17192),(102,2.19075),(470,2.19624)
167,3,(1135,2.13811),(528,2.13857),(297,2.14975)
168,3,(443,2.0776),(803,2.1481),(1412,2.23083)
169,3,(153,2.2766),(1454,2.30761),(947,2.35681)
170,3,(794,2.27287),(1426,2.39281),(318,2.41025)
171,3,(691,2.1613),(352,2.17656),(546,2.18514)
172,3,(1459,2.04987),(791,2.14458),(1445,2.16571)
173,3,(983,2.17248),(1477,2.17499),(838,2.18994)
174,3,(1317,2.08987),(311,2.17707),(1465,2.2266)
175,3,(128,2.255),(2,2.29831),(211,2.30947)
176,3,(1389,2.32972),(251,2.34044),(593,2.36479)
177,3,(490,2.18174),(1375,2.19279),(358,2.21532)
178,3,(855,2.18098),(1011,2.21415),(1163,2.23038)
179,3,(45,2.10643),(674,2.10812),(828,2.11287)
180,3,(403,2.21106),(608,2.21313),(210,2.23267)
181,3,(428,2.26512),(438,2.30115),(698,2.30709)
182,3,(16,2.11896),(1353,2.13716),(1303,2.14175)
183,3,(1303,2.09357),(838,2.13437),(150,2.1424)
184,3,(549,2.15208),(560,2.15858),(80,2.16381)
185,3,(762,2.25888),(312,2.26524),(867,2.28418)
186,3,(187,2.09324),(108,2.0981),(575,2.11052)
187,3,(1102,2.0798),(186,2.09324),(135,2.13323)
188,3,(683,2.18059),(1205,2.19518),(551,2.21637)
189,3,(72,2.1381),(810,2.15174),(1118,2.15993)
190,3,(1054,2.09694),(551,2.13644),(1049,2.16482)
191,3,(1355,2.10318),(1457,2.1559),(720,2.17687)
192,3,(98,2.12866),(1441,2.14357),(1393,2.23688)
193,3,(431,2.07681),(1458,2.125),(1056,2.13817)
194,3,(26,2.11759),(78,2.13707),(894,2.17203)
195,3,(1471,2.17479),(400,2.19259),(73,2.20013)
196,3,(1046,2.13506),(494,2.14734),(1374,2.19298)
197,3,(627,2.13753),(612,2.18731),(619,2.19124)
198,3,(199,2.13317),(485,2.17714),(1300,2.2061)
199,3,(198,2.13317),(229,2.14486),(512,2.16097)
200,3,(1112,2.19383),(486,2.2014),(1141,2.22483)
201,3,(600,2.18883),(39,2.2085),(309,2.22603)
202,3,(982,2.14861),(981,2.17601),(487,2.18278)
203,3,(641,2.08907),(561,2.122),(458,2.14279)
204,3,(60,2.26451),(608,2.27307),(74,2.29645)
205,3,(295,2.13355),(863,2.15585),(1403,2.17318)
206,3,(1247,2.2353),(1067,2.23655),(1351,2.24642)
207,3,(518,2.13377),(118,2.15915),(494,2.18609)
208,3,(82,2.30919),(211,2.33007),(1047,2.34561)
209,3,(638,2.19057),(76,2.25463),(212,2.2644)
210,3,(733,2.20084),(1463,2.20721),(180,2.23267)
211,3,(80,2.24231),(82,2.24878),(1005,2.26655)
212,3,(638,2.11631),(850,2.18811),(203,2.19631)
213,3,(979,2.17467),(980,2.17467),(97,2.19141)
214,3,(1368,2.10056),(818,2.14915),(1118,2.16082)
215,3,(155,2.1659),(1060,2.19125),(2,2.21774)
216,3,(69,2.13773),(328,2.16298),(1354,2.16524)
217,3,(1210,2.08065),(1085,2.16344),(235,2.18019)
218,3,(81,2.12446),(890,2.15273),(118,2.1564)
219,3,(1269,2.15235),(1370,2.18746),(1387,2.19552)
220,3,(305,2.33251),(740,2.41725),(507,2.61805)
221,3,(699,2.27673),(337,2.3591),(819,2.3692)
222,3,(341,2.09189),(1386,2.10137),(1361,2.13402)
223,3,(1235,2.11156),(500,2.12421),(1167,2.12656)
224,3,(225,2.08129),(827,2.16695),(579,2.17775)
225,3,(224,2.08129),(1007,2.157),(1008,2.157)
226,3,(1058,2.03266),(473,2.06909),(294,2.0948)
227,3,(1007,2.1894),(1008,2.1894),(224,2.21913)
228,3,(280,2.25808),(782,2.27329),(1009,2.28922)
229,3,(1403,2.07883),(288,2.0926),(199,2.14486)
230,3,(6,2.47325),(760,2.55762),(593,2.71645)
231,3,(278,2.10357),(1348,2.1198),(816,2.12163)
232,3,(852,2.20838),(91,2.24114),(1096,2.30113)
233,3,(795,2.18012),(1418,2.19154),(481,2.19649)
234,3,(235,2.09777),(1438,2.18636),(581,2.20708)
235,3,(234,2.09777),(217,2.18019),(1210,2.19187)
236,3,(362,2.0831),(825,2.17168),(141,2.18116)
237,3,(238,0),(1284,0.134996),(1283,0.2498)
238,3,(237,0),(1284,0.134996),(1283,0.2498)
239,3,(58,2.0411),(725,2.13604),(983,2.13884)
240,3,(243,2.18948),(237,2.2498),(238,2.2498)
241,3,(1469,2.10058),(1267,2.10069),(308,2.13228)
242,3,(246,2.12316),(931,2.13856),(592,2.1417)
243,3,(240,2.18948),(237,2.22928),(238,2.22928)
244,3,(855,2.21231),(1375,2.29795),(637,2.30595)
245,3,(397,2.24454),(1448,2.25665),(586,2.28114)
246,3,(68,2.0652),(726,2.10577),(931,2.11305)
247,3,(590,2.28142),(1461,2.28779),(128,2.31863)
248,3,(1212,2.21119),(1349,2.24956),(280,2.25861)
249,3,(1401,2.12947),(444,2.1578),(486,2.16144)
250,3,(445,2.05039),(1229,2.14305),(1042,2.19013)
251,3,(593,2.09331),(176,2.34044),(1389,2.38939)
252,3,(1292,2.15201),(1004,2.17622),(663,2.18595)
253,3,(1149,2.18621),(62,2.2259),(669,2.24665)
254,3,(1041,2.07051),(414,2.12161),(1303,2.12896)
255,3,(1071,2.19929),(906,2.21047),(155,2.21127)
256,3,(886,2.31601),(490,2.36421),(707,2.36546)
257,3,(995,2.13687),(841,2.16506),(402,2.19444)
258,3,(156,2.09889),(637,2.10493),(519,2.13011)
259,3,(1280,2.13514),(348,2.30303),(1349,2.31871)
260,3,(877,2.10644),(421,2.13564),(896,2.1444)
261,3,(1149,2.15674),(523,2.19662),(658,2.19754)
262,3,(93,2.12863),(141,2.1344),(714,2.14005)
263,3,(831,2.24344),(939,2.25637),(1476,2.27299)
264,3,(413,2.09805),(1050,2.14388),(905,2.17219)
265,3,(669,2.18889),(1030,2.24117),(426,2.26656)
266,3,(681,2.22033),(785,2.26618),(440,2.27642)
267,3,(782,2.0804),(1282,2.11902),(1242,2.13778)
268,3,(451,2.08662),(726,2.15051),(129,2.15278)
269,3,(1004,2.1148),(640,2.19032),(1292,2.19163)
270,3,(573,2.13675),(1233,2.16584),(1188,2.1741)
271,3,(127,2.1356),(1337,2.15149),(1282,2.16059)
272,3,(588,2.41914),(1334,2.4689),(1358,2.48186)
273,3,(1361,2.28182),(1194,2.32952),(1140,2.32995)
274,3,(796,2.07279),(585,2.08883),(414,2.10461)
275,3,(901,2.14526),(1273,2.20707),(1211,2.24422)
276,3,(925,2.1181),(1469,2.1563),(1145,2.1572)
277,3,(1338,2.27287),(496,2.322),(1480,2.32503)
278,3,(770,2.08234),(846,2.09007),(231,2.10357)
279,3,(1346,2.16038),(1169,2.16552),(1410,2.16582)
280,3,(782,2.13714),(322,2.14928),(744,2.15603)
281,3,(800,2.06371),(781,2.19706),(250,2.21663)
282,3,(1355,2.12426),(1400,2.13682),(720,2.14394)
283,3,(700,2.20675),(556,2.21636),(369,2.22019)
284,3,(285,2.01266),(1063,2.15616),(565,2.15654)
285,3,(284,2.01266),(1063,2.1435),(565,2.14388)
286,3,(1412,2.12934),(102,2.1761),(1408,2.18894)
287,3,(1067,2.2546),(1071,2.2595),(1414,2.275)
288,3,(562,2.08759),(229,2.0926),(550,2.13699)
289,3,(1087,2.10298),(291,2.11648),(226,2.12609)
290,3,(577,2.12499),(344,2.17859),(1351,2.20666)
291,3,(1087,2.06129),(473,2.09078),(1058,2.10473)
292,3,(589,2.13909),(473,2.16629),(1087,2.17526)
293,3,(496,2.16189),(41,2.18053),(1433,2.23307)
294,3,(1087,2.05572),(1058,2.08746),(226,2.0948)
295,3,(1403,2.09026),(205,2.13355),(600,2.15624)
296,3,(731,2.15448),(863,2.15699),(1344,2.15868)
297,3,(858,2.14931),(167,2.14975),(574,2.15713)
298,3,(1293,2.12544),(575,2.12559),(67,2.13038)
299,3,(523,2.09481),(1124,2.1553),(1205,2.15816)
300,3,(558,2.06565),(473,2.0689),(367,2.0926)
301,3,(1392,2.16518),(1459,2.20428),(291,2.21741)
302,3,(15,2.15928),(550,2.20577),(1476,2.21387)
303,3,(477,2.21421),(598,2.2233),(1291,2.27101)
304,3,(164,2.26007),(412,2.26852),(1102,2.27006)
305,3,(740,2.32474),(220,2.33251),(507,2.39541)
306,3,(1037,2.14947),(70,2.17752),(1209,2.23384)
307,3,(765,2.25723),(1059,2.48167),(842,2.55156)
308,3,(1062,2.12182),(241,2.13228),(1353,2.13427)
309,3,(1297,2.06961),(600,2.10746),(589,2.15519)
310,3,(1422,2.14188),(1069,2.15174),(300,2.16154)
311,3,(808,2.08415),(1465,2.13485),(960,2.1613)
312,3,(313,2.12557),(577,2.15109),(867,2.15377)
313,3,(344,2.10779),(640,2.11235),(866,2.12488)
314,3,(339,2.20637),(1298,2.21177),(430,2.23332)
315,3,(368,2.17344),(331,2.18897),(1418,2.19455)
316,3,(214,2.16785),(571,2.17187),(600,2.17292)
317,3,(447,2.24776),(446,2.24875),(450,2.25659)
318,3,(1182,2.19818),(718,2.20182),(1426,2.21538)
319,3,(1077,2.0713),(1189,2.1583),(665,2.1858)
320,3,(559,2.12162),(251,2.48772),(85,2.5121)
321,3,(750,2.09415),(1363,2.09577),(716,2.12142)
322,3,(828,2.09402),(751,2.11519),(428,2.12336)
323,3,(776,2.13856),(1266,2.14837),(792,2.1685)
324,3,(1113,2.28869),(1105,2.29082),(893,2.30089)
325,3,(517,2.08785),(802,2.11403),(811,2.12018)
326,3,(1196,2.3065),(484,2.35287),(497,2.37738)
327,3,(70,2.23983),(30,2.2433),(306,2.28919)
328,3,(1242,2.0374),(1070,2.10234),(1337,2.10876)
329,3,(159,2.10946),(418,2.13014),(420,2.13014)
330,3,(5,2.14038),(603,2.14669),(61,2.1496)
331,3,(1402,2.11812),(542,2.16071),(545,2.17441)
332,3,(647,2.10742),(820,2.13864),(344,2.15118)
333,3,(475,2.18824),(508,2.19997),(432,2.22415)
334,3,(471,2.51079),(709,2.59433),(326,2.7715)
335,3,(640,2.10466),(565,2.11669),(1213,2.11785)
336,3,(908,2.13361),(985,2.14415),(986,2.14415)
337,3,(1250,2.21539),(577,2.2875),(663,2.29194)
338,3,(1187,2.14097),(1188,2.17519),(769,2.19011)
339,3,(1249,2.16453),(1292,2.1657),(1004,2.1719)
340,3,(668,2.39562),(832,2.40143),(905,2.44234)
341,3,(222,2.09189),(1321,2.1242),(106,2.12831)
342,3,(880,2.06786),(1092,2.14804),(1197,2.16401)
343,3,(533,2.09857),(159,2.14271),(223,2.1441)
344,3,(647,2.10376),(313,2.10779),(866,2.14772)
345,3,(1446,2.1285),(1439,2.1635),(411,2.16927)
346,3,(1307,2.33948),(815,2.36689),(673,2.37637)
347,3,(1266,2.1702),(98,2.18624),(493,2.19406)
348,3,(139,2.2178),(758,2.2242),(1256,2.26144)
349,3,(777,2.09453),(1197,2.10428),(1066,2.11357)
350,3,(1252,2.20746),(524,2.20831),(526,2.22033)
351,3,(661,2.1207),(21,2.16318),(127,2.16731)
352,3,(546,2.09389),(358,2.14701),(805,2.14915)
353,3,(1119,2.17336),(537,2.24323),(1450,2.2559)
354,3,(743,2.14505),(811,2.15149),(686,2.1707)
355,3,(384,2.20531),(1182,2.21745),(586,2.22836)
356,3,(138,2.08305),(145,2.122),(895,2.13851)
357,3,(1100,2.09421),(931,2.11934),(466,2.12715)
358,3,(352,2.14701),(139,2.152),(1261,2.15284)
359,3,(463,2.25657),(1165,2.25984),(1388,2.27046)
360,3,(1410,2.08935),(1130,2.09968),(931,2.13265)
361,3,(1317,2.27093),(174,2.2808),(1465,2.29888)
362,3,(236,2.0831),(879,2.13084),(1093,2.16305)
363,3,(622,2.10266),(759,2.12506),(1211,2.13071)
364,3,(42,2.2533),(506,2.26357),(552,2.31533)
365,3,(957,2.06792),(141,2.10291),(858,2.10371)
366,3,(27,2.09044),(1339,2.1302),(1304,2.15355)
367,3,(300,2.0926),(1484,2.13665),(473,2.13851)
368,3,(315,2.17344),(50,2.21651),(710,2.23591)
369,3,(556,2.05863),(1241,2.12637),(896,2.13078)
370,3,(1290,2.09753),(404,2.1287),(533,2.13272)
371,3,(457,2.05643),(690,2.09084),(159,2.09115)
372,3,(1066,2.07928),(21,2.09156),(1372,2.0996)
373,3,(1337,2.05149),(903,2.07259),(1282,2.09331)
374,3,(877,2.1667),(572,2.19057),(825,2.19909)
375,3,(734,2.12084),(911,2.14364),(498,2.17405)
376,3,(1230,2.18287),(155,2.24094),(215,2.26244)
377,3,(1117,2.26934),(1376,2.34252),(361,2.36378)
378,3,(939,2.17448),(591,2.25774),(967,2.27054)
379,3,(1482,2.20494),(1338,2.22305),(367,2.24966)
380,3,(395,2.13523),(840,2.14448),(1062,2.19619)
381,3,(654,2.10998),(436,2.11102),(437,2.11102)
382,3,(840,2.08577),(957,2.13539),(858,2.13961)
383,3,(414,2.09312),(826,2.12858),(950,2.13118)
384,3,(1275,2.19955),(355,2.20531),(1252,2.23734)
385,3,(1360,2.15147),(164,2.17435),(700,2.18494)
386,3,(387,2.02),(18,2.1253),(897,2.13571)
387,3,(386,2.02),(147,2.12088),(18,2.1253)
388,3,(389,2.11765),(1413,2.12947),(524,2.1643)
389,3,(388,2.11765),(1413,2.18413),(1291,2.20961)
390,3,(132,2.21428),(679,2.23909),(1204,2.24039)
391,3,(1238,2.17644),(77,2.19889),(1240,2.20033)
392,3,(1216,2.12336),(744,2.14545),(1254,2.16285)
393,3,(1289,2.2114),(1334,2.27065),(588,2.364)
394,3,(766,2.19387),(857,2.23874),(1281,2.27567)
395,3,(380,2.13523),(722,2.16454),(298,2.18311)
396,3,(501,2.77711),(1078,2.87652),(660,2.87656)
397,3,(873,2.16351),(1426,2.20015),(960,2.23553)
398,3,(1341,2.15772),(145,2.16174),(68,2.16597)
399,3,(154,2.13304),(11,2.15928),(431,2.17336)
400,3,(1045,2.16765),(860,2.18168),(650,2.18662)
401,3,(465,2.14804),(880,2.17104),(1290,2.18472)
402,3,(257,2.19444),(995,2.19536),(1322,2.23231)
403,3,(116,2.12154),(829,2.16863),(608,2.18183)
404,3,(769,2.12033),(370,2.1287),(530,2.14999)
405,3,(1056,2.06051),(656,2.06519),(1044,2.07864)
406,3,(1483,2.12694),(1423,2.21045),(10,2.22584)
407,3,(408,0),(179,0.209528),(674,0.235175)
408,3,(407,0),(179,0.209528),(674,0.235175)
409,3,(410,0),(1095,0.420382),(829,0.420509)
410,3,(409,0),(1095,0.420382),(829,0.420509)
411,3,(486,2.12739),(1313,2.14818),(345,2.16927)
412,3,(369,2.19027),(164,2.20638),(556,2.2089)
413,3,(264,2.09805),(427,2.18991),(1140,2.19758)
414,3,(383,2.09312),(4,2.09513),(274,2.10461)
415,3,(1109,2.21387),(416,2.21427),(1395,2.24434)
416,3,(415,2.21427),(1109,2.21843),(514,2.30408)
417,3,(915,2.23097),(490,2.32888),(1478,2.33727)
418,3,(420,0),(1274,0.146484),(910,0.175597)
419,3,(1211,2.12378),(938,2.13291),(1282,2.14194)
420,3,(418,0),(1274,0.146484),(910,0.175597)
421,3,(896,2.05863),(905,2.11059),(877,2.11713)
422,3,(376,2.2698),(155,2.3635),(215,2.38161)
423,3,(700,2.18785),(524,2.20064),(1155,2.21893)
424,3,(331,2.18766),(1402,2.18954),(250,2.19481)
425,3,(1451,2),(1196,2.34955),(30,2.35031)
426,3,(1030,2.07279),(1373,2.12316),(1095,2.16745)
427,3,(435,2.08),(591,2.11618),(1050,2.11942)
428,3,(439,2.09149),(322,2.12336),(438,2.12397)
429,3,(729,2.11183),(652,2.13532),(607,2.15356)
430,3,(57,2.10797),(126,2.1289),(3,2.13524)
431,3,(193,2.07681),(1458,2.10819),(777,2.14004)
432,3,(1427,2.16137),(1362,2.16997),(914,2.17338)
433,3,(453,2.09466),(60,2.11836),(521,2.12896)
434,3,(180,2.25396),(653,2.29115),(459,2.30183)
435,3,(427,2.08),(1356,2.11467),(1050,2.15942)
436,3,(437,2),(654,2.02636),(861,2.10129)
437,3,(436,2),(654,2.02636),(861,2.10129)
438,3,(439,2.03247),(428,2.12397),(139,2.16207)
439,3,(438,2.03247),(428,2.09149),(841,2.15166)
440,3,(128,2.22702),(680,2.22825),(1045,2.23916)
441,3,(637,2.12291),(258,2.15798),(817,2.17324)
442,3,(920,2.11604),(1122,2.12291),(22,2.13298)
443,3,(168,2.0776),(803,2.13792),(1203,2.17441)
444,3,(249,2.1578),(528,2.17804),(486,2.18441)
445,3,(250,2.05039),(1229,2.12006),(545,2.18234)
446,3,(666,2.11577),(1042,2.1333),(450,2.15031)
447,3,(710,2.12052),(102,2.14066),(341,2.1513)
448,3,(449,2),(106,2.13387),(1406,2.16694)
449,3,(448,2),(106,2.13387),(1406,2.16694)
450,3,(1042,2.1304),(87,2.13272),(1321,2.14046)
451,3,(268,2.08662),(726,2.10883),(246,2.15213)
452,3,(1043,2.11694),(122,2.1329),(455,2.13481)
453,3,(433,2.09466),(521,2.1309),(74,2.13369)
454,3,(944,2.14889),(1301,2.14967),(461,2.15935)
455,3,(1043,2.09798),(921,2.10753),(26,2.11322)
456,3,(142,2.13896),(1238,2.1391),(122,2.13927)
457,3,(371,2.05643),(1234,2.07149),(690,2.07688)
458,3,(1180,2.12005),(82,2.13123),(39,2.14014)
459,3,(74,2.16864),(608,2.23267),(548,2.24072)
460,3,(548,2.1265),(1398,2.1296),(649,2.17206)
461,3,(466,2.08415),(454,2.15935),(357,2.18389)
462,3,(1285,2.11682),(1477,2.15826),(866,2.17241)
463,3,(945,2.07273),(1371,2.12623),(688,2.17317)
464,3,(617,2.44702),(1447,2.46907),(1023,2.48116)
465,3,(401,2.14804),(150,2.156),(701,2.20444)
466,3,(461,2.08415),(28,2.12688),(357,2.12715)
467,3,(587,2.14506),(1252,2.25489),(1483,2.26141)
468,3,(714,2.14187),(727,2.16956),(1254,2.17018)
469,3,(1160,2.14402),(31,2.18859),(1391,2.2103)
470,3,(811,2.14585),(450,2.15789),(1236,2.16653)
471,3,(334,2.51079),(326,2.69486),(425,2.77687)
472,3,(56,2.14324),(1277,2.15117),(1350,2.15987)
473,3,(1058,2.03643),(300,2.0689),(226,2.06909)
474,3,(444,2.18681),(795,2.20047),(666,2.20785)
475,3,(333,2.18824),(508,2.24511),(281,2.2679)
476,3,(202,2.44032),(963,2.46987),(964,2.46987)
477,3,(303,2.21421),(1320,2.23947),(1385,2.30604)
478,3,(872,2.22413),(706,2.25419),(43,2.26677)
479,3,(1181,2.13519),(1286,2.16169),(63,2.18927)
480,3,(834,2.1505),(531,2.16033),(203,2.17817)
481,3,(783,2.1202),(542,2.1702),(545,2.1839)
482,3,(325,2.17778),(811,2.19017),(241,2.20082)
483,3,(1409,2.16519),(493,2.19485),(514,2.29948)
484,3,(1364,2.15862),(665,2.17147),(99,2.26387)
485,3,(199,2.16397),(198,2.17714),(229,2.2161)
486,3,(411,2.12739),(1112,2.14241),(249,2.16144)
487,3,(948,2.14162),(669,2.15355),(202,2.18278)
488,3,(808,2.25387),(311,2.31802),(1376,2.32141)
489,3,(305,2.6573),(507,2.74762),(1078,2.74823)
490,3,(1375,2.13194),(177,2.18174),(684,2.27193)
491,3,(724,2.13305),(72,2.14434),(967,2.18935)
492,3,(1300,2.26898),(198,2.29247),(485,2.30985)
493,3,(1370,2.13818),(347,2.19406),(483,2.19485)
494,3,(1046,2.11759),(196,2.14734),(994,2.16312)
495,3,(1324,2.13897),(584,2.24849),(494,2.25013)
496,3,(41,2.1163),(293,2.16189),(1480,2.16849)
497,3,(1365,2.13121),(665,2.2346),(635,2.24022)
498,3,(736,2.13058),(524,2.13382),(375,2.17405)
499,3,(62,2.15942),(1322,2.17299),(841,2.21911)
500,3,(1326,2.06759),(1352,2.08669),(830,2.09805)
501,3,(660,2.58417),(1059,2.5862),(765,2.71434)
502,3,(434,2.35716),(32,2.53512),(787,2.55302)
503,3,(637,2.18705),(915,2.20565),(1405,2.20637)
504,3,(1189,2.44459),(319,2.4725),(1144,2.50719)
505,3,(108,2.07376),(186,2.11707),(847,2.15986)
506,3,(364,2.26357),(42,2.32959),(70,2.42263)
507,3,(305,2.39541),(740,2.54288),(220,2.61805)
508,3,(333,2.19997),(432,2.21375),(1103,2.22968)
509,3,(580,2.21915),(319,2.32254),(1189,2.33463)
510,3,(734,2.11377),(816,2.13552),(231,2.13883)
511,3,(950,2.1057),(735,2.1159),(848,2.12104)
512,3,(43,2.14701),(199,2.16097),(1266,2.19396)
513,3,(773,2.22511),(1108,2.23039),(774,2.23881)
514,3,(206,2.25532),(98,2.26714),(1370,2.28321)
515,3,(326,2.37917),(293,2.39257),(853,2.41995)
516,3,(93,2.13019),(141,2.16934),(1009,2.17032)
517,3,(325,2.08785),(44,2.13312),(802,2.13358)
518,3,(536,2.08525),(829,2.12767),(1046,2.13109)
519,3,(156,2.07421),(258,2.13011),(107,2.14413)
520,3,(864,2.15123),(865,2.18571),(154,2.18953)
521,3,(642,2.08564),(433,2.12896),(453,2.1309)
522,3,(704,2.20875),(1298,2.21578),(1443,2.26687)
523,3,(299,2.09481),(658,2.14427),(1149,2.16246)
524,3,(498,2.13382),(388,2.1643),(736,2.16921)
525,3,(294,2.11225),(1055,2.1418),(997,2.14527)
526,3,(1319,2.14734),(17,2.17265),(498,2.18429)
527,3,(664,2.07208),(946,2.1026),(1213,2.10577)
528,3,(1124,2.12852),(710,2.1304),(167,2.13857)
529,3,(628,2.25189),(630,2.34383),(1046,2.35003)
530,3,(1089,2.06747),(563,2.09766),(748,2.10817)
531,3,(142,2.12502),(641,2.14549),(26,2.14721)
532,3,(50,2.2652),(1221,2.3818),(368,2.39182)
533,3,(343,2.09857),(457,2.09952),(690,2.1081)
534,3,(1416,2.17675),(52,2.20642),(1171,2.27279)
535,3,(1125,2.12116),(1372,2.1276),(716,2.12812)
536,3,(518,2.08525),(1046,2.12803),(829,2.1676)
537,3,(620,2.16987),(20,2.18727),(252,2.19487)
538,3,(1458,2.185),(1354,2.20695),(69,2.20915)
539,3,(598,2.38146),(303,2.38257),(706,2.40437)
540,3,(1251,2.30547),(832,2.30977),(877,2.32165)
541,3,(1458,2.13032),(69,2.16915),(944,2.17527)
542,3,(545,2.0137),(1345,2.14279),(331,2.16071)
543,3,(127,2.0981),(45,2.10136),(805,2.10201)
544,3,(546,2.05785),(691,2.14663),(352,2.15175)
545,3,(542,2.0137),(1345,2.12909),(1428,2.15447)
546,3,(544,2.05785),(352,2.09389),(691,2.1141)
547,3,(729,2.07987),(922,2.09409),(1237,2.10901)
548,3,(460,2.1265),(74,2.16404),(521,2.18266)
549,3,(1088,2.11565),(78,2.14376),(184,2.15208)
550,3,(23,2.10241),(288,2.13699),(1411,2.14869)
551,3,(770,2.10746),(1070,2.10848),(1049,2.11137)
552,3,(42,2.24968),(1108,2.27206),(1186,2.30411)
553,3,(1155,2.21538),(1169,2.25824),(657,2.25986)
554,3,(1183,2.74868),(119,2.82564),(476,2.90678)
555,3,(682,2.29066),(149,2.33477),(876,2.33631)
556,3,(369,2.05863),(421,2.1483),(896,2.16694)
557,3,(142,2.11155),(1238,2.11388),(1240,2.15299)
558,3,(300,2.06565),(3,2.08078),(473,2.11455)
559,3,(320,2.12162),(251,2.42089),(1390,2.48325)
560,3,(184,2.15858),(629,2.16812),(80,2.18759)
561,3,(1432,2.10519),(203,2.122),(641,2.13512)
562,3,(288,2.08759),(568,2.14227),(550,2.1494)
563,3,(716,2.07871),(530,2.09766),(22,2.10539)
564,3,(578,2.07786),(858,2.13272),(674,2.1469)
565,3,(335,2.11669),(1380,2.13505),(1063,2.13779)
566,3,(458,2.14118),(561,2.1483),(643,2.15842)
567,3,(7,2.13922),(851,2.18251),(642,2.18856)
568,3,(562,2.14227),(706,2.16368),(872,2.19779)
569,3,(3,2.11391),(558,2.19469),(1228,2.19586)
570,3,(106,2.10786),(1434,2.11746),(1439,2.16844)
571,3,(500,2.10784),(1167,2.1172),(163,2.12296)
572,3,(1190,2.12875),(889,2.14602),(374,2.19057)
573,3,(270,2.13675),(530,2.14193),(1052,2.16714)
574,3,(1125,2.06006),(1470,2.10253),(879,2.10849)
575,3,(135,2.10091),(186,2.11052),(298,2.12559)
576,3,(390,2.43216),(1230,2.43778),(1060,2.44835)
577,3,(290,2.12499),(640,2.14877),(867,2.14968)
578,3,(564,2.07786),(908,2.17611),(691,2.1815)
579,3,(1007,2.17006),(1008,2.17006),(225,2.17657)
580,3,(509,2.21915),(319,2.25104),(1189,2.25769)
581,3,(1108,2.16044),(778,2.16889),(776,2.16921)
582,3,(653,2.19713),(829,2.21231),(74,2.21808)
583,3,(134,2.10384),(671,2.1711),(1240,2.17259)
584,3,(1324,2.22447),(784,2.22947),(207,2.24084)
585,3,(796,2.06643),(274,2.08883),(165,2.09156)
586,3,(601,2.17194),(1448,2.20318),(152,2.2043)
587,3,(467,2.14506),(1483,2.25854),(152,2.28527)
588,3,(1334,2.21634),(1358,2.22947),(703,2.2607)
589,3,(1087,2.13864),(292,2.13909),(600,2.14434)
590,3,(247,2.28142),(266,2.31673),(440,2.3702)
591,3,(427,2.11618),(1050,2.1556),(435,2.19618)
592,3,(1341,2.13233),(242,2.1417),(1353,2.16107)
593,3,(251,2.09331),(1389,2.32139),(176,2.36479)
594,3,(1440,2.26678),(1047,2.27909),(195,2.35321)
595,3,(853,2.14015),(562,2.19576),(288,2.21804)
596,3,(293,2.30721),(562,2.31335),(568,2.32133)
597,3,(898,2.16721),(969,2.22739),(56,2.23389)
598,3,(1413,2.14304),(1245,2.20491),(303,2.2233)
599,3,(459,2.4287),(787,2.43713),(266,2.48706)
600,3,(1297,2.10682),(309,2.10746),(589,2.14434)
601,3,(1082,2.14826),(586,2.17194),(1448,2.25214)
602,3,(1143,2.1156),(77,2.13716),(117,2.14512)
603,3,(623,2.10096),(330,2.14669),(1219,2.19675)
604,3,(834,2.14901),(994,2.18305),(1133,2.1865)
605,3,(714,2.07747),(825,2.10648),(1254,2.11357)
606,3,(978,2.18731),(613,2.26596),(1022,2.30062)
607,3,(624,2.09954),(729,2.12668),(54,2.13429)
608,3,(74,2.08935),(453,2.16005),(403,2.18183)
609,3,(9,2.12747),(624,2.16435),(84,2.17766)
610,3,(251,2.48773),(593,2.50975),(559,2.52167)
611,3,(328,2.12425),(69,2.14835),(1242,2.16165)
612,3,(197,2.18731),(621,2.20708),(628,2.22608)
613,3,(913,2.11065),(607,2.13585),(54,2.13637)
614,3,(103,2.25279),(90,2.28315),(673,2.30036)
615,3,(977,2.23655),(890,2.34141),(868,2.34665)
616,3,(609,2.19208),(9,2.26892),(13,2.27301)
617,3,(1023,2.26663),(965,2.27231),(966,2.27231)
618,3,(472,2.17818),(1130,2.18052),(55,2.1917)
619,3,(1084,2.06786),(1025,2.10545),(1026,2.10545)
620,3,(29,2.10208),(20,2.12234),(1342,2.13187)
621,3,(1133,2.19493),(494,2.19627),(612,2.20708)
622,3,(759,2.08539),(1302,2.08765),(363,2.10266)
623,3,(603,2.10096),(1219,2.12111),(1033,2.20082)
624,3,(1025,2.08013),(1026,2.08013),(607,2.09954)
625,3,(1374,2.12882),(1471,2.16335),(602,2.18175)
626,3,(607,2.15116),(1133,2.16104),(84,2.1822)
627,3,(122,2.12272),(671,2.13245),(197,2.13753)
628,3,(732,2.15883),(494,2.17924),(630,2.19194)
629,3,(34,2.12565),(654,2.13157),(861,2.15182)
630,3,(494,2.18857),(628,2.19194),(732,2.19309)
631,3,(917,2.10409),(1238,2.13448),(725,2.16183)
632,3,(785,2.22966),(400,2.24415),(761,2.25342)
633,3,(1271,2.11876),(885,2.12668),(1,2.1311)
634,3,(1114,2.14218),(1417,2.15868),(895,2.17358)
635,3,(1457,2.09324),(35,2.15777),(1437,2.16538)
636,3,(954,2.21869),(124,2.22118),(1088,2.23026)
637,3,(258,2.10493),(441,2.12291),(442,2.15891)
638,3,(212,2.11631),(5,2.12663),(203,2.17778)
639,3,(1371,2.12993),(741,2.16805),(945,2.20342)
640,3,(335,2.10466),(313,2.11235),(867,2.11428)
641,3,(203,2.08907),(561,2.13512),(531,2.14549)
642,3,(521,2.08564),(7,2.11674),(433,2.16629)
643,3,(1180,2.082),(670,2.13576),(458,2.15466)
644,3,(1127,2.21149),(1179,2.25363),(202,2.26652)
645,3,(216,2.17661),(1064,2.20403),(845,2.21402)
646,3,(1323,2.19267),(1367,2.22721),(1204,2.27634)
647,3,(344,2.10376),(332,2.10742),(313,2.12624)
648,3,(48,2.12384),(1405,2.12942),(1296,2.13149)
649,3,(460,2.17206),(400,2.20856),(1398,2.21387)
650,3,(860,2.04493),(1471,2.13453),(1043,2.15859)
651,3,(897,2.11038),(888,2.11739),(622,2.13688)
652,3,(1255,2.11538),(77,2.11728),(122,2.12745)
653,3,(829,2.18285),(582,2.19713),(116,2.2029)
654,3,(436,2.02636),(437,2.02636),(861,2.10025)
655,3,(1294,2.13765),(1310,2.14187),(983,2.14363)
656,3,(405,2.06519),(1056,2.0983),(1216,2.11332)
657,3,(1181,2.17939),(843,2.22038),(479,2.24225)
658,3,(523,2.14427),(1282,2.14738),(258,2.14825)
659,3,(573,2.17031),(270,2.18098),(1401,2.21252)
660,3,(1059,2.29727),(765,2.36474),(501,2.58417)
661,3,(1197,2.09661),(21,2.10247),(351,2.1207)
662,3,(1469,2.22101),(241,2.27172),(1145,2.28438)
663,3,(72,2.17545),(252,2.18595),(491,2.2138)
664,3,(527,2.07208),(1094,2.11273),(131,2.14076)
665,3,(484,2.17147),(319,2.1858),(1364,2.22932)
666,3,(446,2.11577),(528,2.17789),(445,2.18391)
667,3,(1475,2.06175),(1130,2.0815),(131,2.14363)
668,3,(822,2.23724),(715,2.29104),(472,2.31141)
669,3,(948,2.15025),(487,2.15355),(871,2.16954)
670,3,(868,2.07136),(643,2.13576),(834,2.13858)
671,3,(134,2.10727),(627,2.13245),(1240,2.14914)
672,3,(102,2.15757),(297,2.15772),(299,2.17299)
673,3,(629,2.18479),(1190,2.25389),(889,2.2591)
674,3,(908,2.10577),(179,2.10812),(958,2.13512)
675,3,(53,2.23644),(868,2.27734),(1291,2.28981)
676,3,(630,2.25904),(39,2.2781),(124,2.28067)
677,3,(1480,2.22548),(1443,2.22569),(831,2.23517)
678,3,(1131,2.16552),(1395,2.19998),(1109,2.2315)
679,3,(132,2.18728),(1204,2.21259),(95,2.2144)
680,3,(194,2.18988),(452,2.19018),(1043,2.19233)
681,3,(78,2.14987),(453,2.15637),(521,2.17454)
682,3,(907,2.10572),(878,2.22676),(1123,2.2753)
683,3,(190,2.16532),(188,2.18059),(551,2.18176)
684,3,(490,2.27193),(1136,2.28737),(616,2.29118)
685,3,(248,2.33212),(174,2.38087),(1317,2.38417)
686,3,(811,2.13921),(354,2.1707),(470,2.17727)
687,3,(859,2.11168),(1044,2.11492),(730,2.1544)
688,3,(1203,2.12823),(463,2.17317),(276,2.17707)
689,3,(961,2.14499),(1097,2.17306),(358,2.1794)
690,3,(1139,2.06643),(457,2.07688),(1234,2.08539)
691,3,(546,2.1141),(1057,2.14324),(544,2.14663)
692,3,(1320,2.33902),(1036,2.35572),(876,2.37362)
693,3,(1123,2.28108),(883,2.33179),(534,2.35666)
694,3,(520,2.26319),(915,2.27399),(817,2.28537)
695,3,(1179,2.10279),(903,2.15744),(1337,2.17854)
696,3,(364,2.39689),(1186,2.48606),(506,2.49957)
697,3,(847,2.25122),(505,2.27381),(108,2.28015)
698,3,(828,2.13279),(949,2.18065),(674,2.18352)
699,3,(773,2.20876),(774,2.22246),(221,2.27673)
700,3,(1252,2.12715),(1155,2.16448),(164,2.17955)
701,3,(150,2.09375),(1290,2.11845),(839,2.12577)
702,3,(1085,2.20312),(430,2.24715),(778,2.28014)
703,3,(588,2.2607),(1358,2.28161),(130,2.35759)
704,3,(522,2.20875),(1154,2.3051),(1433,2.3475)
705,3,(755,2.4216),(713,2.4416),(552,2.45211)
706,3,(568,2.16368),(462,2.20705),(872,2.21083)
707,3,(544,2.28051),(177,2.2824),(758,2.2833)
708,3,(1078,2.62764),(660,2.67381),(220,2.68517)
709,3,(676,2.37913),(195,2.39789),(755,2.47552)
710,3,(447,2.12052),(528,2.1304),(102,2.16248)
711,3,(1336,2.22383),(1480,2.25315),(720,2.26672)
712,3,(1192,2.20696),(1439,2.21981),(570,2.23331)
713,3,(513,2.34295),(1119,2.37279),(47,2.38283)
714,3,(605,2.07747),(1254,2.09909),(1348,2.1338)
715,3,(857,2.18755),(1306,2.20554),(1281,2.21761)
716,3,(563,2.07871),(1232,2.10253),(321,2.12142)
717,3,(883,2.19533),(1182,2.20395),(1275,2.2268)
718,3,(1182,2.16871),(1426,2.1985),(318,2.20182)
719,3,(961,2.14713),(107,2.19526),(751,2.20804)
720,3,(282,2.14394),(41,2.16917),(496,2.17222)
721,3,(176,2.45024),(593,2.48845),(251,2.50942)
722,3,(395,2.16454),(141,2.18879),(1128,2.1909)
723,3,(837,2.22354),(874,2.28104),(1177,2.39123)
724,3,(491,2.13305),(866,2.18455),(462,2.19318)
725,3,(1118,2.11182),(983,2.12215),(1368,2.12234)
726,3,(246,2.10577),(451,2.10883),(159,2.12208)
727,3,(1314,2.10792),(1056,2.13539),(193,2.14526)
728,3,(755,2.3213),(625,2.33619),(1374,2.34375)
729,3,(547,2.07987),(922,2.09917),(429,2.11183)
730,3,(944,2.13531),(193,2.14836),(687,2.1544)
731,3,(1116,2.13396),(1361,2.13793),(341,2.14748)
732,3,(78,2.14872),(894,2.15337),(627,2.15564)
733,3,(1463,2.13219),(521,2.17137),(7,2.17491)
734,3,(159,2.07669),(1092,2.10136),(736,2.10861)
735,3,(950,2.03759),(826,2.11499),(511,2.1159)
736,3,(734,2.10861),(533,2.11025),(498,2.13058)
737,3,(1234,2.07402),(881,2.07968),(826,2.08329)
738,3,(1132,2.09304),(1055,2.10598),(885,2.11745)
739,3,(895,2.12422),(1267,2.1796),(775,2.17993)
740,3,(305,2.32474),(220,2.41725),(507,2.54288)
741,3,(639,2.16805),(299,2.20233),(1426,2.21641)
742,3,(1413,2.24675),(850,2.2468),(598,2.24902)
743,3,(354,2.14505),(781,2.20455),(1319,2.22017)
744,3,(392,2.14545),(280,2.15603),(957,2.16049)
745,3,(1015,2.13831),(1016,2.13831),(1088,2.16251)
746,3,(30,2.31694),(1208,2.32247),(1424,2.32969)
747,3,(1185,2.21037),(1120,2.25101),(1184,2.26372)
748,3,(804,2.09344),(1159,2.09817),(530,2.10817)
749,3,(217,2.28414),(1387,2.28519),(1001,2.29951)
750,3,(321,2.09415),(818,2.10403),(1279,2.1242)
751,3,(1337,2.08014),(1282,2.09402),(373,2.11163)
752,3,(1369,2.26152),(462,2.27295),(189,2.27921)
753,3,(178,2.23383),(1096,2.23396),(784,2.26621)
754,3,(861,2.13803),(458,2.15519),(381,2.17428)
755,3,(23,2.22441),(550,2.23045),(36,2.24342)
756,3,(117,2.26652),(668,2.31487),(902,2.32135)
757,3,(890,2.12669),(1369,2.17713),(727,2.19422)
758,3,(438,2.21644),(139,2.2198),(348,2.2242)
759,3,(913,2.08494),(622,2.08539),(1302,2.10525)
760,3,(111,2.3465),(6,2.46764),(230,2.55762)
761,3,(630,2.23778),(632,2.25342),(73,2.26226)
762,3,(953,2.14744),(1213,2.17653),(547,2.17843)
763,3,(830,2.07273),(1176,2.0991),(1174,2.11157)
764,3,(983,2.17649),(173,2.20429),(1035,2.20813)
765,3,(307,2.25723),(1059,2.35938),(660,2.36474)
766,3,(996,2.17693),(579,2.17909),(857,2.18186)
767,3,(553,2.27013),(878,2.28023),(657,2.28895)
768,3,(1237,2.09305),(1296,2.10817),(1159,2.12941)
769,3,(1049,2.11784),(404,2.12033),(1372,2.12654)
770,3,(278,2.08234),(846,2.08253),(405,2.10168)
771,3,(949,2.1846),(751,2.18963),(1465,2.19136)
772,3,(75,2.08695),(996,2.1137),(922,2.14564)
773,3,(774,2.0137),(778,2.09565),(776,2.14272)
774,3,(773,2.0137),(778,2.10935),(776,2.15642)
775,3,(895,2.11817),(1102,2.15104),(135,2.1524)
776,3,(778,2.11837),(792,2.13745),(323,2.13856)
777,3,(349,2.09453),(1012,2.12233),(1013,2.12233)
778,3,(773,2.09565),(774,2.10935),(776,2.11837)
779,3,(914,2.47001),(678,2.48808),(576,2.50589)
780,3,(31,2.14479),(1194,2.16025),(1309,2.18271)
781,3,(1384,2.14955),(800,2.15582),(802,2.15922)
782,3,(267,2.0804),(1282,2.10357),(751,2.11265)
783,3,(481,2.1202),(1431,2.20237),(1376,2.21155)
784,3,(118,2.15118),(994,2.16695),(1096,2.17201)
785,3,(632,2.22966),(266,2.26618),(761,2.27101)
786,3,(526,2.21279),(1319,2.22533),(1360,2.23636)
787,3,(681,2.24493),(733,2.26916),(459,2.28844)
788,3,(790,2.08117),(789,2.22902),(234,2.30958)
789,3,(790,2.19525),(788,2.22902),(36,2.35475)
790,3,(788,2.08117),(789,2.19525),(778,2.26438)
791,3,(1003,2.12318),(95,2.12883),(823,2.13446)
792,3,(1266,2.08013),(776,2.13745),(99,2.1533)
793,3,(678,2.23627),(1395,2.25928),(415,2.26805)
794,3,(170,2.27287),(281,2.34158),(86,2.34185)
795,3,(1345,2.09714),(545,2.15792),(1384,2.15843)
796,3,(585,2.06643),(274,2.07279),(165,2.08513)
797,3,(798,2.13258),(665,2.46953),(497,2.47839)
798,3,(797,2.13258),(1357,2.43003),(665,2.4419)
799,3,(1384,2.2059),(450,2.23032),(474,2.25298)
800,3,(281,2.06371),(781,2.15582),(1042,2.18616)
801,3,(1101,2.10914),(510,2.14864),(1464,2.15896)
802,3,(325,2.11403),(517,2.13358),(1203,2.13643)
803,3,(443,2.13792),(168,2.1481),(1412,2.21752)
804,3,(1159,2.05006),(748,2.09344),(1234,2.10681)
805,3,(543,2.10201),(127,2.10649),(45,2.13843)
806,3,(421,2.14453),(1309,2.15395),(1241,2.1672)
807,3,(1142,2.19151),(892,2.19358),(1287,2.20968)
808,3,(311,2.08415),(352,2.17286),(1465,2.199)
809,3,(1271,2.23427),(1250,2.27117),(1295,2.27409)
810,3,(848,2.10137),(54,2.1357),(1118,2.14946)
811,3,(325,2.12018),(686,2.13921),(470,2.14585)
812,3,(1281,2.16128),(1306,2.19685),(1329,2.2326)
813,3,(48,2.17733),(648,2.19375),(887,2.21136)
814,3,(1482,2.15173),(1336,2.22456),(1090,2.25122)
815,3,(1380,2.19259),(1003,2.20394),(1084,2.23015)
816,3,(371,2.0913),(1272,2.09766),(457,2.10033)
817,3,(1163,2.12586),(1097,2.13271),(258,2.15603)
818,3,(750,2.10403),(511,2.1225),(1232,2.13643)
819,3,(699,2.32946),(1444,2.34332),(569,2.3576)
820,3,(332,2.13864),(97,2.19491),(347,2.19613)
821,3,(1471,2.14576),(732,2.16896),(650,2.1781)
822,3,(126,2.1463),(1130,2.15739),(360,2.16967)
823,3,(1003,2.09623),(1380,2.10525),(791,2.13446)
824,3,(1445,2.09888),(1058,2.11598),(1087,2.12278)
825,3,(1254,2.0872),(605,2.10648),(1267,2.12759)
826,3,(950,2.0774),(737,2.08329),(735,2.11499)
827,3,(224,2.16695),(1127,2.16764),(225,2.20045)
828,3,(322,2.09402),(179,2.11287),(1256,2.12111)
829,3,(518,2.12767),(118,2.14032),(1046,2.16073)
830,3,(1352,2.06175),(1176,2.06637),(763,2.07273)
831,3,(1480,2.12773),(1443,2.20156),(302,2.22446)
832,3,(1140,2.16628),(1029,2.18065),(905,2.18623)
833,3,(805,2.17012),(1293,2.17421),(280,2.17946)
834,3,(868,2.12201),(1011,2.12532),(670,2.13858)
835,3,(1388,2.23688),(62,2.2843),(1033,2.2961)
836,3,(601,2.25634),(844,2.27106),(586,2.28581)
837,3,(723,2.22354),(838,2.28572),(1177,2.29301)
838,3,(363,2.13257),(183,2.13437),(1233,2.13958)
839,3,(701,2.12577),(1290,2.13526),(370,2.15267)
840,3,(382,2.08577),(858,2.12953),(574,2.13774)
841,3,(439,2.15166),(257,2.16506),(45,2.17792)
842,3,(307,2.55156),(765,2.63905),(660,2.93107)
843,3,(1032,2.19013),(479,2.1925),(375,2.20355)
844,3,(836,2.27106),(601,2.29028),(17,2.3004)
845,3,(1032,2.19408),(51,2.2007),(375,2.20597)
846,3,(770,2.08253),(278,2.09007),(1234,2.09358)
847,3,(505,2.15986),(108,2.18583),(186,2.20615)
848,3,(810,2.10137),(511,2.12104),(1369,2.12461)
849,3,(884,2.1304),(565,2.13934),(1368,2.16586)
850,3,(1238,2.11674),(142,2.16439),(1180,2.17222)
851,3,(567,2.18251),(638,2.22245),(212,2.24343)
852,3,(232,2.20838),(1324,2.27145),(114,2.27272)
853,3,(595,2.14015),(288,2.25819),(88,2.27977)
854,3,(1162,2.09286),(1303,2.11298),(1277,2.15272)
855,3,(817,2.16786),(178,2.18098),(441,2.19578)
856,3,(233,2.19667),(783,2.2413),(741,2.24349)
857,3,(1281,2.17993),(766,2.18186),(715,2.18755)
858,3,(59,2.08409),(365,2.10371),(957,2.10916)
859,3,(1044,2.07402),(405,2.10435),(687,2.11168)
860,3,(650,2.04493),(1471,2.13207),(1240,2.15967)
861,3,(654,2.10025),(436,2.10129),(437,2.10129)
862,3,(1454,2.26687),(1388,2.30218),(1419,2.32157)
863,3,(1061,2.13481),(205,2.15585),(296,2.15699)
864,3,(920,2.12493),(154,2.12609),(865,2.14189)
865,3,(864,2.14189),(911,2.16447),(1442,2.16825)
866,3,(1285,2.11038),(1350,2.12402),(313,2.12488)
867,3,(640,2.11428),(335,2.13363),(577,2.14968)
868,3,(670,2.07136),(834,2.12201),(81,2.15129)
869,3,(1484,2.09602),(1308,2.15361),(1340,2.15363)
870,3,(126,2.08902),(885,2.10772),(946,2.11825)
871,3,(948,2.11928),(179,2.16804),(669,2.16954)
872,3,(462,2.17815),(288,2.18518),(568,2.19779)
873,3,(1377,2.1424),(960,2.14565),(397,2.16351)
874,3,(838,2.18538),(147,2.20129),(897,2.21791)
875,3,(487,2.34201),(543,2.36305),(948,2.36597)
876,3,(962,2.31896),(555,2.33631),(692,2.37362)
877,3,(260,2.10644),(1172,2.10648),(421,2.11713)
878,3,(1099,2.18676),(1436,2.20661),(907,2.21248)
879,3,(1125,2.10114),(574,2.10849),(141,2.12811)
880,3,(342,2.06786),(1092,2.12848),(533,2.13149)
881,3,(163,2.07298),(737,2.07968),(1159,2.09409)
882,3,(1253,2.25644),(1449,2.36101),(693,2.41526)
883,3,(717,2.19533),(1182,2.23681),(1275,2.23682)
884,3,(849,2.1304),(1279,2.1598),(565,2.16479)
885,3,(946,2.10324),(870,2.10772),(126,2.11455)
886,3,(940,2.13695),(544,2.19401),(908,2.19578)
887,3,(1011,2.12624),(926,2.16202),(442,2.19182)
888,3,(651,2.11739),(1484,2.12727),(897,2.15714)
889,3,(1190,2.1052),(572,2.14602),(951,2.18935)
890,3,(757,2.12669),(218,2.15273),(1369,2.17045)
891,3,(1039,2.1644),(1460,2.29655),(1113,2.31293)
892,3,(164,2.15539),(1098,2.16474),(807,2.19358)
893,3,(1113,2.16507),(137,2.24671),(1039,2.26968)
894,3,(142,2.15013),(732,2.15337),(194,2.17203)
895,3,(775,2.11817),(1267,2.12135),(739,2.12422)
896,3,(421,2.05863),(905,2.10675),(1172,2.11967)
897,3,(651,2.11038),(386,2.13571),(387,2.13571)
898,3,(56,2.12668),(143,2.12792),(15,2.16502)
899,3,(670,2.16987),(239,2.19466),(1133,2.20186)
900,3,(567,2.24202),(116,2.24432),(5,2.2475)
901,3,(275,2.14526),(1273,2.2596),(1111,2.28822)
902,3,(823,2.21291),(791,2.22363),(2,2.23972)
903,3,(373,2.07259),(1337,2.08408),(1282,2.1185)
904,3,(1092,2.14739),(1197,2.16336),(342,2.18062)
905,3,(1140,2.10006),(896,2.10675),(421,2.11059)
906,3,(1386,2.16915),(1192,2.18143),(106,2.20707)
907,3,(682,2.10572),(878,2.21248),(807,2.26305)
908,3,(674,2.10577),(940,2.12947),(336,2.13361)
909,3,(157,2.10695),(1053,2.1309),(16,2.14783)
910,3,(54,2.09572),(1331,2.11078),(28,2.11129)
911,3,(1222,2.12063),(734,2.13552),(375,2.14364)
912,3,(925,2.1285),(1145,2.15928),(135,2.16187)
913,3,(759,2.08494),(54,2.09312),(613,2.11065)
914,3,(1427,2.14032),(432,2.17338),(570,2.20028)
915,3,(503,2.20565),(417,2.23097),(1164,2.23697)
916,3,(1153,2.22388),(1397,2.28401),(1413,2.28549)
917,3,(631,2.10409),(239,2.15729),(58,2.17099)
918,3,(1385,2.16383),(786,2.27242),(718,2.29336)
919,3,(609,2.23553),(604,2.24589),(84,2.24851)
920,3,(1296,2.09526),(442,2.11604),(864,2.12493)
921,3,(1048,2.08013),(1043,2.10033),(455,2.10753)
922,3,(951,2.05805),(547,2.09409),(75,2.09869)
923,3,(1265,2.09838),(25,2.10544),(1264,2.11428)
924,3,(39,2.27333),(561,2.29348),(458,2.31866)
925,3,(1469,2.11415),(276,2.1181),(912,2.1285)
926,3,(648,2.13544),(1011,2.13836),(1405,2.15499)
927,3,(1127,2.32747),(46,2.36411),(928,2.3643)
928,3,(904,2.25307),(579,2.26473),(1127,2.29982)
929,3,(930,2.03643),(407,2.14286),(408,2.14286)
930,3,(929,2.03643),(674,2.14914),(407,2.1563)
931,3,(1100,2.09992),(946,2.10565),(1055,2.11296)
932,3,(933,0),(1468,0.152736),(985,0.274284)
933,3,(932,0),(1468,0.152736),(985,0.274284)
934,3,(935,0),(224,0.289538),(225,0.290718)
935,3,(934,0),(224,0.289538),(225,0.290718)
936,3,(937,2),(426,2.28434),(1030,2.28882)
937,3,(936,2),(426,2.28434),(1030,2.28882)
938,3,(1303,2.12025),(1032,2.12397),(419,2.13291)
939,3,(378,2.17448),(888,2.17514),(1484,2.20215)
940,3,(908,2.12947),(886,2.13695),(546,2.15545)
941,3,(421,2.14604),(896,2.15481),(1064,2.16557)
942,3,(1294,2.17646),(655,2.21517),(659,2.2218)
943,3,(54,2.0844),(910,2.11466),(1331,2.12883)
944,3,(1472,2.12006),(859,2.13309),(730,2.13531)
945,3,(463,2.07273),(1371,2.13648),(1322,2.14642)
946,3,(527,2.1026),(885,2.10324),(931,2.10565)
947,3,(130,2.25402),(1481,2.28227),(878,2.29869)
948,3,(871,2.11928),(487,2.14162),(782,2.14583)
949,3,(1256,2.09026),(139,2.17194),(698,2.18065)
950,3,(735,2.03759),(826,2.0774),(511,2.1057)
951,3,(922,2.05805),(547,2.10915),(729,2.13423)
952,3,(1218,2.17799),(144,2.23756),(1095,2.25967)
953,3,(1104,2.14725),(762,2.14744),(729,2.23561)
954,3,(754,2.17493),(1142,2.18616),(1278,2.20518)
955,3,(108,2.23859),(505,2.28704),(135,2.29567)
956,3,(1333,2.34027),(8,2.36323),(1472,2.36784)
957,3,(365,2.06792),(858,2.10916),(59,2.12091)
958,3,(674,2.13512),(179,2.1353),(11,2.16137)
959,3,(1190,2.17401),(136,2.17693),(1371,2.18503)
960,3,(873,2.14565),(1318,2.15805),(311,2.1613)
961,3,(689,2.14499),(719,2.14713),(156,2.18883)
962,3,(1134,2.26134),(1454,2.26712),(153,2.31071)
963,3,(964,0),(1329,0.307103),(1193,0.311297)
964,3,(963,0),(1329,0.307103),(1193,0.311297)
965,3,(966,2),(978,2.25288),(617,2.27231)
966,3,(965,2),(978,2.25288),(617,2.27231)
967,3,(968,0),(1309,0.0786517),(1050,0.167593)
968,3,(967,0),(1309,0.0786517),(1050,0.167593)
969,3,(1410,2.17552),(1021,2.17761),(360,2.19215)
970,3,(971,0),(1304,0.151817),(1064,0.166833)
971,3,(970,0),(1304,0.151817),(1064,0.166833)
972,3,(1151,2.1835),(356,2.19661),(973,2.20838)
973,3,(925,2.18694),(1267,2.2024),(972,2.20838)
974,3,(91,2.34502),(409,2.35757),(410,2.35757)
975,3,(976,0),(934,0.355834),(935,0.355834)
976,3,(975,0),(934,0.355834),(935,0.355834)
977,3,(615,2.23655),(1478,2.27668),(61,2.36833)
978,3,(1022,2.13577),(606,2.18731),(913,2.21538)
979,3,(980,0),(1297,0.153492),(309,0.197789)
980,3,(979,0),(1297,0.153492),(309,0.197789)
981,3,(982,2.0274),(202,2.17601),(1212,2.18923)
982,3,(981,2.0274),(202,2.14861),(1212,2.21662)
983,3,(1310,2.09552),(725,2.12215),(1118,2.12657)
984,3,(858,2.21968),(59,2.23636),(957,2.23792)
985,3,(986,2),(336,2.14415),(929,2.14526)
986,3,(985,2),(336,2.14415),(929,2.14526)
987,3,(988,0),(1478,0.304974),(1193,0.319668)
988,3,(987,0),(1478,0.304974),(1193,0.319668)
989,3,(990,2.51059),(991,2.51059),(1091,3.02101)
990,3,(991,0),(989,0.510492),(987,1.41397)
991,3,(990,0),(989,0.510492),(987,1.41397)
992,3,(993,2.0874),(1239,2.11031),(813,2.2254)
993,3,(992,2.0874),(1239,2.14291),(239,2.20779)
994,3,(118,2.15215),(494,2.16312),(784,2.16695)
995,3,(257,2.13687),(1099,2.16071),(402,2.19536)
996,3,(772,2.1137),(329,2.13752),(75,2.14065)
997,3,(138,2.13421),(525,2.14527),(24,2.1598)
998,3,(1000,2.19304),(109,2.22199),(999,2.23544)
999,3,(998,2.2362),(1000,2.25906),(1333,2.36796)
1000,3,(998,2.19304),(999,2.25887),(711,2.36555)
1001,3,(749,2.29951),(217,2.37871),(1268,2.39622)
1002,3,(381,2.18661),(1299,2.21253),(1279,2.22097)
1003,3,(1380,2.07928),(823,2.09623),(791,2.12318)
1004,3,(269,2.1148),(870,2.16805),(339,2.1719)
1005,3,(1048,2.09674),(921,2.1109),(455,2.11624)
1006,3,(1407,2.26012),(499,2.26176),(498,2.2833)
1007,3,(1008,2),(1274,2.13168),(938,2.15258)
1008,3,(1007,2),(1274,2.13168),(938,2.15258)
1009,3,(1010,0),(93,0.235191),(858,0.240438)
1010,3,(1009,0),(93,0.235191),(858,0.240438)
1011,3,(834,2.12532),(887,2.12624),(926,2.13836)
1012,3,(1013,0),(105,0.0875928),(1197,0.0966244)
1013,3,(1012,0),(105,0.0875928),(1197,0.0966244)
1014,3,(1254,2.13069),(392,2.16291),(825,2.16309)
1015,3,(1016,2),(745,2.13831),(1088,2.15017)
1016,3,(1015,2),(745,2.13831),(1088,2.15017)
1017,3,(1018,2.0137),(1475,2.2108),(667,2.24515)
1018,3,(1017,2.0137),(1475,2.2245),(667,2.25885)
1019,3,(1020,0),(381,0.32694),(90,0.333125)
1020,3,(1019,0),(381,0.32694),(90,0.333125)
1021,3,(1410,2.11571),(418,2.13707),(420,2.13707)
1022,3,(978,2.13577),(1477,2.18494),(910,2.20881)
1023,3,(1137,2.17129),(1138,2.17129),(617,2.26663)
1024,3,(1150,2.26285),(1263,2.38315),(1385,2.40505)
1025,3,(1026,0),(1255,0.178611),(335,0.221011)
1026,3,(1025,0),(1255,0.178611),(335,0.221011)
1027,3,(1028,0),(962,0.325266),(1328,0.328425)
1028,3,(1027,0),(962,0.325266),(1328,0.328425)
1029,3,(832,2.18065),(1356,2.20603),(905,2.20779)
1030,3,(426,2.07279),(1095,2.11765),(1373,2.12115)
1031,3,(157,2.17843),(329,2.18631),(510,2.1883)
1032,3,(938,2.12397),(105,2.13194),(1012,2.13953)
1033,3,(1030,2.19773),(623,2.20082),(813,2.21389)
1034,3,(151,2.22152),(571,2.22465),(731,2.22556)
1035,3,(48,2.11928),(1405,2.13811),(1175,2.16571)
1036,3,(1134,2.22773),(104,2.2767),(1448,2.32322)
1037,3,(1209,2.135),(306,2.14947),(1269,2.19304)
1038,3,(1270,2.11284),(885,2.12611),(1073,2.14322)
1039,3,(891,2.1644),(1460,2.22202),(893,2.26968)
1040,3,(206,2.56372),(779,2.59624),(175,2.61334)
1041,3,(254,2.07051),(183,2.14954),(838,2.15001)
1042,3,(87,2.0957),(1321,2.12488),(450,2.1304)
1043,3,(455,2.09798),(921,2.10033),(452,2.11694)
1044,3,(859,2.07402),(405,2.07864),(687,2.11492)
1045,3,(400,2.16765),(1047,2.17529),(1305,2.19449)
1046,3,(494,2.11759),(536,2.12803),(518,2.13109)
1047,3,(1045,2.17529),(1461,2.25883),(400,2.26516)
1048,3,(921,2.08013),(1005,2.09674),(1043,2.13216)
1049,3,(846,2.09577),(405,2.09777),(551,2.11137)
1050,3,(427,2.11942),(264,2.14388),(591,2.1556)
1051,3,(1443,2.10721),(1433,2.19402),(1438,2.19935)
1052,3,(796,2.13808),(1089,2.14603),(294,2.14603)
1053,3,(909,2.1309),(267,2.16793),(938,2.17298)
1054,3,(190,2.09694),(1070,2.13538),(278,2.14241)
1055,3,(1270,2.09006),(738,2.10598),(1100,2.10823)
1056,3,(405,2.06051),(656,2.0983),(846,2.11238)
1057,3,(1236,2.11565),(691,2.14324),(858,2.14388)
1058,3,(226,2.03266),(473,2.03643),(294,2.08746)
1059,3,(660,2.29727),(765,2.35938),(1078,2.46595)
1060,3,(215,2.19125),(2,2.20623),(634,2.23318)
1061,3,(863,2.13481),(1446,2.16844),(1065,2.18396)
1062,3,(308,2.12182),(1125,2.16286),(365,2.17634)
1063,3,(1279,2.11732),(654,2.12039),(565,2.13779)
1064,3,(1100,2.14111),(1309,2.15374),(585,2.16051)
1065,3,(125,2.145),(863,2.16539),(345,2.17896)
1066,3,(372,2.07928),(21,2.10058),(349,2.11357)
1067,3,(1414,2.19532),(206,2.23655),(1247,2.24444)
1068,3,(1446,2.08812),(1381,2.13907),(270,2.19264)
1069,3,(310,2.15174),(1422,2.18465),(1359,2.1924)
1070,3,(328,2.10234),(107,2.10402),(551,2.10848)
1071,3,(1417,2.15971),(1427,2.1642),(1114,2.16686)
1072,3,(1442,2.15318),(1322,2.16752),(351,2.17702)
1073,3,(946,2.11818),(910,2.12111),(1302,2.12715)
1074,3,(1142,2.13876),(1198,2.15799),(1098,2.1644)
1075,3,(467,2.2637),(836,2.29368),(384,2.32125)
1076,3,(848,2.13175),(1074,2.17336),(585,2.18235)
1077,3,(319,2.0713),(1189,2.2296),(665,2.23179)
1078,3,(1059,2.46595),(765,2.49355),(307,2.58104)
1079,3,(1428,2.24077),(545,2.31524),(50,2.31932)
1080,3,(115,2.36402),(1276,2.4783),(891,2.51369)
1081,3,(1343,2.1627),(884,2.1661),(1299,2.16732)
1082,3,(601,2.14826),(358,2.21058),(139,2.2118)
1083,3,(1174,2.07662),(1176,2.0891),(457,2.08942)
1084,3,(619,2.06786),(1025,2.1059),(1026,2.1059)
1085,3,(217,2.16344),(778,2.17363),(1210,2.17616)
1086,3,(1196,2.202),(1300,2.26163),(41,2.27712)
1087,3,(294,2.05572),(291,2.06129),(289,2.10298)
1088,3,(549,2.11565),(861,2.11597),(1015,2.15017)
1089,3,(163,2.06025),(530,2.06747),(1232,2.08637)
1090,3,(1482,2.15012),(1338,2.17305),(568,2.21464)
1091,3,(582,2.284),(180,2.3739),(76,2.37939)
1092,3,(734,2.10136),(159,2.11065),(1197,2.12338)
1093,3,(879,2.1626),(362,2.16305),(93,2.16765)
1094,3,(664,2.11273),(1151,2.12818),(791,2.14111)
1095,3,(1030,2.11765),(648,2.16174),(985,2.1666)
1096,3,(784,2.17201),(114,2.2013),(330,2.21325)
1097,3,(817,2.13271),(689,2.17306),(441,2.22792)
1098,3,(1074,2.1644),(892,2.16474),(700,2.21355)
1099,3,(1195,2.15189),(995,2.16071),(878,2.18676)
1100,3,(357,2.09421),(931,2.09992),(1055,2.10823)
1101,3,(801,2.10914),(365,2.16557),(1072,2.18024)
1102,3,(187,2.0798),(775,2.15104),(895,2.1726)
1103,3,(1112,2.13096),(250,2.1913),(445,2.21429)
1104,3,(823,2.13538),(75,2.13947),(953,2.14725)
1105,3,(1260,2.17374),(1113,2.18744),(1115,2.25568)
1106,3,(693,2.39406),(883,2.4129),(1115,2.41434)
1107,3,(1098,2.33993),(786,2.36086),(767,2.36611)
1108,3,(581,2.16044),(776,2.20148),(88,2.21023)
1109,3,(415,2.21387),(416,2.21843),(678,2.2315)
1110,3,(1201,2.31475),(417,2.36924),(1379,2.50627)
1111,3,(1339,2.20396),(275,2.24595),(901,2.28822)
1112,3,(1103,2.13096),(486,2.14241),(1313,2.17488)
1113,3,(893,2.16507),(1105,2.18744),(137,2.21293)
1114,3,(1417,2.12481),(634,2.14218),(1071,2.16686)
1115,3,(1260,2.16492),(1105,2.25568),(1106,2.41434)
1116,3,(1344,2.1135),(731,2.13396),(1361,2.17189)
1117,3,(1229,2.19073),(1376,2.22746),(1418,2.24287)
1118,3,(1368,2.08324),(881,2.09617),(163,2.09681)
1119,3,(117,2.15942),(353,2.17336),(602,2.1931)
1120,3,(1121,2.17785),(1229,2.21614),(445,2.22349)
1121,3,(1120,2.17785),(1185,2.20161),(747,2.30667)
1122,3,(442,2.12291),(278,2.13532),(1063,2.17416)
1123,3,(682,2.2753),(693,2.28108),(1460,2.33529)
1124,3,(528,2.12852),(102,2.14577),(1418,2.15213)
1125,3,(574,2.06006),(879,2.10114),(535,2.12116)
1126,3,(529,2.56811),(1397,2.59027),(76,2.66023)
1127,3,(827,2.16764),(224,2.19304),(644,2.21149)
1128,3,(1057,2.1499),(1293,2.17231),(744,2.18092)
1129,3,(923,2.15104),(687,2.165),(859,2.17941)
1130,3,(667,2.0815),(1475,2.09261),(360,2.09968)
1131,3,(678,2.16552),(1152,2.20468),(1395,2.20549)
1132,3,(738,2.09304),(1055,2.15304),(525,2.15473)
1133,3,(626,2.16104),(604,2.1865),(621,2.19493)
1134,3,(995,2.22175),(1036,2.22773),(586,2.25024)
1135,3,(563,2.11929),(920,2.13121),(167,2.13811)
1136,3,(12,2.10812),(10,2.17219),(1423,2.17812)
1137,3,(1138,0),(1023,0.171286),(1281,0.219534)
1138,3,(1137,0),(1023,0.171286),(1281,0.219534)
1139,3,(1234,2.06636),(690,2.06643),(457,2.07785)
1140,3,(905,2.10006),(896,2.13201),(427,2.15285)
1141,3,(864,2.1742),(1373,2.17831),(1081,2.18176)
1142,3,(1074,2.13876),(954,2.18616),(807,2.19151)
1143,3,(123,2.10312),(602,2.1156),(77,2.18534)
1144,3,(790,2.27011),(581,2.30095),(36,2.30278)
1145,3,(1469,2.10869),(925,2.14036),(276,2.1572)
1146,3,(251,2.4447),(593,2.47307),(559,2.56314)
1147,3,(1195,2.19797),(718,2.23155),(1377,2.23205)
1148,3,(1167,2.10422),(571,2.14338),(182,2.14634)
1149,3,(261,2.15674),(658,2.16207),(523,2.16246)
1150,3,(1024,2.26285),(703,2.45537),(682,2.47734)
1151,3,(1267,2.12208),(1094,2.12818),(145,2.13538)
1152,3,(1395,2.20264),(1131,2.20468),(570,2.22876)
1153,3,(66,2.13642),(1235,2.1757),(147,2.21479)
1154,3,(462,2.18486),(910,2.23393),(869,2.25002)
1155,3,(1252,2.15228),(700,2.16448),(498,2.21316)
1156,3,(245,2.28753),(1448,2.3852),(397,2.42588)
1157,3,(1204,2.22292),(679,2.22694),(1245,2.26248)
1158,3,(701,2.17172),(541,2.1903),(216,2.19408)
1159,3,(804,2.05006),(1237,2.08375),(881,2.09409)
1160,3,(469,2.14402),(780,2.22506),(292,2.23338)
1161,3,(1474,2.07999),(126,2.12357),(870,2.1304)
1162,3,(854,2.09286),(1277,2.1596),(1281,2.18006)
1163,3,(817,2.12586),(51,2.15909),(92,2.17823)
1164,3,(915,2.23697),(1273,2.25635),(503,2.26819)
1165,3,(171,2.20902),(691,2.23761),(959,2.23773)
1166,3,(1261,2.23297),(499,2.24664),(1377,2.27947)
1167,3,(1148,2.10422),(571,2.1172),(223,2.12656)
1168,3,(1323,2.24551),(1248,2.26901),(1367,2.29318)
1169,3,(421,2.16161),(279,2.16552),(1074,2.18621)
1170,3,(389,2.23221),(388,2.25923),(350,2.27456)
1171,3,(1416,2.23631),(534,2.27279),(1039,2.3035)
1172,3,(877,2.10648),(896,2.11967),(421,2.15583)
1173,3,(1176,2.0137),(1174,2.04617),(830,2.08006)
1174,3,(1176,2.03247),(1173,2.04617),(1175,2.07)
1175,3,(1174,2.07),(1176,2.10247),(1173,2.11617)
1176,3,(1173,2.0137),(1174,2.03247),(830,2.06637)
1177,3,(1178,2),(151,2.16111),(897,2.16291)
1178,3,(1177,2),(151,2.16111),(897,2.16291)
1179,3,(695,2.10279),(909,2.17245),(611,2.17388)
1180,3,(643,2.082),(458,2.12005),(455,2.12674)
1181,3,(479,2.13519),(63,2.14149),(657,2.17939)
1182,3,(718,2.16871),(318,2.19818),(717,2.20395)
1183,3,(1018,2.63926),(1017,2.65296),(119,2.68479)
1184,3,(1185,2.23879),(747,2.26372),(317,2.28094)
1185,3,(1121,2.20161),(747,2.21037),(1184,2.23879)
1186,3,(160,2.12602),(49,2.20545),(332,2.20699)
1187,3,(338,2.14097),(1163,2.18523),(1188,2.20865)
1188,3,(1372,2.06291),(321,2.13682),(528,2.14328)
1189,3,(319,2.1583),(1077,2.2296),(580,2.25769)
1190,3,(889,2.1052),(572,2.12875),(959,2.17401)
1191,3,(1454,2.29326),(169,2.3779),(153,2.40554)
1192,3,(906,2.18143),(1420,2.19071),(1427,2.19094)
1193,3,(929,2.29937),(963,2.3113),(964,2.3113)
1194,3,(1366,2.14162),(780,2.16025),(316,2.18884)
1195,3,(1099,2.15189),(171,2.19544),(1147,2.19797)
1196,3,(1086,2.202),(326,2.3065),(1409,2.31663)
1197,3,(661,2.09661),(1012,2.09662),(1013,2.09662)
1198,3,(1074,2.15799),(1172,2.20182),(892,2.21247)
1199,3,(1362,2.21961),(570,2.2418),(1351,2.25345)
1200,3,(919,2.36985),(518,2.38179),(210,2.39061)
1201,3,(1110,2.31475),(417,2.39576),(181,2.41792)
1202,3,(1473,2.208),(1029,2.39573),(832,2.41768)
1203,3,(688,2.12823),(802,2.13643),(517,2.14261)
1204,3,(89,2.17344),(1367,2.20695),(679,2.21259)
1205,3,(299,2.15816),(958,2.16466),(523,2.17726)
1206,3,(1061,2.21514),(1344,2.24877),(1034,2.25036)
1207,3,(1297,2.13135),(344,2.17076),(309,2.17849)
1208,3,(1209,2.1174),(773,2.24558),(1037,2.2524)
1209,3,(1208,2.1174),(1037,2.135),(1085,2.17953)
1210,3,(217,2.08065),(1085,2.17616),(778,2.18653)
1211,3,(419,2.12378),(363,2.13071),(1302,2.15104)
1212,3,(930,2.16595),(981,2.18923),(929,2.20238)
1213,3,(527,2.10577),(946,2.11409),(335,2.11785)
1214,3,(1276,2.34412),(1224,2.37083),(693,2.4437)
1215,3,(855,2.21159),(441,2.21412),(637,2.2173)
1216,3,(24,2.10642),(656,2.11332),(1044,2.11988)
1217,3,(1166,2.30746),(1262,2.39569),(377,2.42423)
1218,3,(952,2.17799),(359,2.29556),(144,2.3396)
1219,3,(623,2.12111),(603,2.19675),(1375,2.23611)
1220,3,(134,2.13104),(77,2.17876),(40,2.19279)
1221,3,(532,2.3818),(694,2.39898),(1006,2.46874)
1222,3,(1174,2.0791),(1083,2.09078),(690,2.10331)
1223,3,(1252,2.2952),(1275,2.29964),(1276,2.30546)
1224,3,(1275,2.19315),(94,2.30124),(1436,2.30291)
1225,3,(145,2.08766),(24,2.13961),(1267,2.14343)
1226,3,(282,2.18887),(1400,2.20193),(99,2.22864)
1227,3,(802,2.18857),(1408,2.23656),(945,2.25691)
1228,3,(1347,2.09928),(3,2.12792),(558,2.16623)
1229,3,(445,2.12006),(250,2.14305),(1124,2.17972)
1230,3,(1094,2.15025),(376,2.18287),(1429,2.22213)
1231,3,(479,2.19564),(954,2.20707),(926,2.22602)
1232,3,(1089,2.08637),(716,2.10253),(1159,2.12602)
1233,3,(1243,2.09909),(1244,2.09909),(838,2.13958)
1234,3,(1139,2.06636),(457,2.07149),(737,2.07402)
1235,3,(223,2.11156),(571,2.15065),(1167,2.16242)
1236,3,(1057,2.11565),(1348,2.12668),(1222,2.13994)
1237,3,(1296,2.08357),(1159,2.08375),(768,2.09305)
1238,3,(557,2.11388),(1240,2.11481),(850,2.11674)
1239,3,(992,2.11031),(993,2.14291),(14,2.1465)
1240,3,(1238,2.11481),(134,2.13175),(1471,2.14734)
1241,3,(1346,2.10721),(369,2.12637),(1083,2.15299)
1242,3,(328,2.0374),(1337,2.09137),(21,2.11335)
1243,3,(1244,0),(1233,0.0990871),(1041,0.170779)
1244,3,(1243,0),(1233,0.0990871),(1041,0.170779)
1245,3,(63,2.12325),(1246,2.17337),(1291,2.17499)
1246,3,(1291,2.14369),(1245,2.17337),(899,2.24168)
1247,3,(1392,2.18221),(206,2.2353),(1067,2.24444)
1248,3,(1323,2.18144),(1367,2.2096),(260,2.2268)
1249,3,(339,2.16453),(252,2.195),(314,2.24311)
1250,3,(337,2.21539),(1064,2.245),(269,2.24823)
1251,3,(572,2.21453),(374,2.23225),(1014,2.24734)
1252,3,(17,2.12149),(700,2.12715),(1155,2.15228)
1253,3,(882,2.25644),(1449,2.37745),(693,2.45169)
1254,3,(825,2.0872),(714,2.09909),(605,2.11357)
1255,3,(122,2.10792),(652,2.11538),(40,2.14201)
1256,3,(949,2.09026),(828,2.12111),(139,2.12662)
1257,3,(1259,0),(574,0.142657),(93,0.156603)
1258,3,(428,2.17648),(544,2.21016),(958,2.21413)
1259,3,(1257,0),(574,0.142657),(93,0.156603)
1260,3,(1115,2.16492),(1105,2.17374),(1113,2.2582)
1261,3,(358,2.15284),(841,2.2003),(352,2.20376)
1262,3,(949,2.1905),(139,2.19997),(358,2.20772)
1263,3,(399,2.18642),(64,2.20902),(8,2.21916)
1264,3,(1265,2.03889),(25,2.05662),(24,2.10648)
1265,3,(1264,2.03889),(25,2.09552),(923,2.09838)
1266,3,(792,2.08013),(323,2.14837),(347,2.1702)
1267,3,(241,2.10069),(895,2.12135),(1151,2.12208)
1268,3,(1421,2.14348),(1269,2.17206),(1387,2.19213)
1269,3,(1421,2.08337),(219,2.15235),(1268,2.17206)
1270,3,(1055,2.09006),(1058,2.09848),(473,2.10752)
1271,3,(633,2.11876),(738,2.175),(1161,2.18461)
1272,3,(816,2.09766),(16,2.10058),(457,2.11006)
1273,3,(275,2.20707),(1164,2.25635),(901,2.2596)
1274,3,(1301,2.10265),(826,2.12355),(1277,2.12491)
1275,3,(1224,2.19315),(384,2.19955),(1182,2.22336)
1276,3,(1039,2.27943),(1460,2.28012),(1223,2.30546)
1277,3,(1274,2.12491),(726,2.15),(472,2.15117)
1278,3,(954,2.20518),(566,2.21961),(561,2.21961)
1279,3,(1063,2.11732),(750,2.1242),(22,2.14506)
1280,3,(259,2.13514),(1349,2.21098),(949,2.21375)
1281,3,(1306,2.08104),(812,2.16128),(854,2.16499)
1282,3,(373,2.09331),(751,2.09402),(107,2.10148)
1283,3,(1284,2.1148),(237,2.2498),(238,2.2498)
1284,3,(1283,2.1148),(237,2.135),(238,2.135)
1285,3,(1350,2.10935),(866,2.11038),(462,2.11682)
1286,3,(479,2.16169),(388,2.24752),(389,2.2518)
1287,3,(1464,2.08942),(1442,2.10785),(801,2.1785)
1288,3,(393,2.52771),(1289,2.53111),(1080,2.57888)
1289,3,(393,2.2114),(1334,2.28478),(742,2.36083)
1290,3,(370,2.09753),(372,2.11013),(701,2.11845)
1291,3,(1246,2.14369),(1245,2.17499),(388,2.20791)
1292,3,(20,2.10869),(252,2.15201),(339,2.1657)
1293,3,(298,2.12544),(957,2.14014),(1057,2.14499)
1294,3,(655,2.13765),(1310,2.15618),(942,2.17646)
1295,3,(1060,2.23986),(2,2.26609),(809,2.27409)
1296,3,(1237,2.08357),(920,2.09526),(768,2.10817)
1297,3,(309,2.06961),(600,2.10682),(1207,2.13135)
1298,3,(314,2.21177),(522,2.21578),(597,2.32976)
1299,3,(1175,2.1659),(1081,2.16732),(381,2.16891)
1300,3,(198,2.2061),(512,2.25516),(1086,2.26163)
1301,3,(1331,2.0789),(1274,2.10265),(826,2.12401)
1302,3,(1304,2.05532),(622,2.08765),(28,2.09564)
1303,3,(183,2.09357),(854,2.11298),(938,2.12025)
1304,3,(1302,2.05532),(18,2.11909),(1352,2.13257)
1305,3,(1045,2.19449),(1440,2.19881),(400,2.24696)
1306,3,(1281,2.08104),(857,2.19033),(812,2.19685)
1307,3,(89,2.24632),(1165,2.25147),(91,2.26532)
1308,3,(1484,2.07759),(1342,2.13831),(869,2.15361)
1309,3,(967,2.07865),(968,2.07865),(1330,2.15012)
1310,3,(983,2.09552),(1118,2.10585),(725,2.12674)
1311,3,(1312,2.04741),(748,2.15974),(750,2.16115)
1312,3,(1311,2.04741),(748,2.13973),(818,2.17439)
1313,3,(411,2.14818),(112,2.1642),(1112,2.17488)
1314,3,(727,2.10792),(735,2.11902),(1369,2.13084)
1315,3,(985,2.19525),(986,2.19525),(579,2.20018)
1316,3,(435,2.27435),(413,2.27935),(427,2.29435)
1317,3,(174,2.08987),(1465,2.22168),(311,2.22694)
1318,3,(960,2.15805),(1465,2.15967),(311,2.21441)
1319,3,(526,2.14734),(1360,2.15402),(1442,2.18025)
1320,3,(477,2.23947),(1385,2.27047),(303,2.31241)
1321,3,(341,2.1242),(1042,2.12488),(450,2.14046)
1322,3,(945,2.14642),(1072,2.16752),(499,2.17299)
1323,3,(1248,2.18144),(646,2.19267),(1367,2.24506)
1324,3,(495,2.13897),(584,2.22447),(1096,2.23703)
1325,3,(1354,2.12032),(1458,2.12914),(71,2.14991)
1326,3,(500,2.06759),(163,2.11779),(1352,2.12688)
1327,3,(1341,2.09175),(68,2.12506),(1151,2.16272)
1328,3,(1219,2.2653),(623,2.28109),(265,2.28785)
1329,3,(812,2.2326),(1306,2.23805),(1281,2.27377)
1330,3,(1309,2.15012),(736,2.15168),(371,2.15984)
1331,3,(28,2.04546),(1301,2.0789),(910,2.11078)
1332,3,(1041,2.16434),(404,2.17304),(4,2.17601)
1333,3,(956,2.34027),(999,2.3672),(752,2.40438)
1334,3,(588,2.21634),(393,2.27065),(1289,2.28478)
1335,3,(186,2.11482),(59,2.11817),(1348,2.13436)
1336,3,(1359,2.19907),(711,2.22383),(814,2.22456)
1337,3,(373,2.05149),(751,2.08014),(903,2.08408)
1338,3,(1482,2.17046),(1090,2.17305),(720,2.22098)
1339,3,(366,2.1302),(1294,2.18156),(839,2.20052)
1340,3,(3,2.1138),(620,2.14928),(1484,2.15071)
1341,3,(1327,2.09175),(68,2.11135),(592,2.13233)
1342,3,(1350,2.07182),(620,2.13187),(20,2.13695)
1343,3,(1081,2.1627),(1175,2.2349),(904,2.24895)
1344,3,(1116,2.1135),(296,2.15868),(1361,2.17201)
1345,3,(795,2.09714),(545,2.12909),(542,2.14279)
1346,3,(1241,2.10721),(1083,2.1602),(279,2.16038)
1347,3,(1228,2.09928),(1422,2.17615),(3,2.18175)
1348,3,(59,2.09422),(231,2.1198),(22,2.12642)
1349,3,(311,2.20387),(1280,2.21098),(516,2.24125)
1350,3,(1342,2.07182),(1285,2.10935),(866,2.12402)
1351,3,(1207,2.19694),(290,2.20666),(1297,2.2187)
1352,3,(830,2.06175),(500,2.08669),(763,2.112)
1353,3,(308,2.13427),(182,2.13716),(268,2.15279)
1354,3,(1458,2.11675),(69,2.11792),(1325,2.12032)
1355,3,(191,2.10318),(282,2.12426),(1457,2.16583)
1356,3,(435,2.11467),(427,2.15467),(1140,2.1939)
1357,3,(484,2.32858),(1364,2.36684),(497,2.38059)
1358,3,(588,2.22947),(703,2.28161),(1334,2.3584)
1359,3,(1069,2.1924),(1336,2.19907),(1338,2.22546)
1360,3,(385,2.15147),(1319,2.15402),(1287,2.19848)
1361,3,(222,2.13402),(731,2.13793),(341,2.15553)
1362,3,(432,2.16997),(1003,2.21957),(1199,2.21961)
1363,3,(321,2.09577),(112,2.14024),(750,2.14694)
1364,3,(484,2.15862),(665,2.22932),(1226,2.2546)
1365,3,(497,2.13121),(319,2.21391),(35,2.23651)
1366,3,(1194,2.14162),(517,2.148),(343,2.16769)
1367,3,(1204,2.20695),(1248,2.2096),(646,2.22721)
1368,3,(1118,2.08324),(214,2.10056),(725,2.12234)
1369,3,(848,2.12461),(1314,2.13084),(511,2.15668)
1370,3,(493,2.13818),(219,2.18746),(1462,2.21772)
1371,3,(463,2.12623),(639,2.12993),(945,2.13648)
1372,3,(1188,2.06291),(372,2.0996),(769,2.12654)
1373,3,(1030,2.12115),(426,2.12316),(1141,2.17831)
1374,3,(1471,2.12493),(625,2.12882),(452,2.18227)
1375,3,(490,2.13194),(177,2.19279),(1219,2.23611)
1376,3,(783,2.21155),(1117,2.22746),(286,2.25111)
1377,3,(873,2.1424),(960,2.19816),(1322,2.20793)
1378,3,(325,2.15207),(535,2.15739),(811,2.17214)
1379,3,(698,2.33494),(348,2.34246),(1280,2.37555)
1380,3,(1003,2.07928),(823,2.10525),(791,2.13453)
1381,3,(1068,2.13907),(573,2.18434),(1446,2.20719)
1382,3,(803,2.26065),(1412,2.28859),(1227,2.29902)
1383,3,(1449,2.31035),(149,2.3498),(717,2.36)
1384,3,(450,2.14635),(781,2.14955),(795,2.15843)
1385,3,(918,2.16383),(878,2.22094),(385,2.22395)
1386,3,(222,2.10137),(106,2.11519),(1391,2.15422)
1387,3,(1269,2.19056),(1268,2.19213),(219,2.19552)
1388,3,(1419,2.2278),(835,2.23688),(299,2.25033)
1389,3,(593,2.32139),(176,2.32972),(251,2.38939)
1390,3,(251,2.46721),(559,2.48325),(593,2.51753)
1391,3,(1386,2.15422),(325,2.19689),(469,2.2103)
1392,3,(301,2.16518),(1247,2.18221),(1271,2.18856)
1393,3,(121,2.15401),(1441,2.23578),(192,2.23688)
1394,3,(1355,2.21805),(191,2.22513),(1069,2.2319)
1395,3,(678,2.19998),(1152,2.20264),(1131,2.20549)
1396,3,(597,2.32632),(1476,2.39333),(724,2.43048)
1397,3,(630,2.28205),(916,2.28401),(850,2.34373)
1398,3,(460,2.1296),(548,2.20779),(649,2.21387)
1399,3,(1427,2.20265),(1071,2.21728),(155,2.2281)
1400,3,(282,2.13682),(720,2.18843),(1226,2.20193)
1401,3,(249,2.12947),(444,2.1939),(659,2.21252)
1402,3,(331,2.11812),(424,2.18954),(481,2.20136)
1403,3,(229,2.07883),(295,2.09026),(288,2.14611)
1404,3,(413,2.24323),(264,2.26128),(1090,2.26302)
1405,3,(105,2.1083),(1012,2.11058),(1013,2.11058)
1406,3,(1420,2.13666),(44,2.15615),(448,2.16694)
1407,3,(465,2.20603),(498,2.22655),(520,2.24381)
1408,3,(102,2.14273),(286,2.18894),(297,2.19817)
1409,3,(483,2.16519),(191,2.19246),(1355,2.1967)
1410,3,(360,2.08935),(1021,2.11571),(931,2.14629)
1411,3,(23,2.13616),(1437,2.14104),(979,2.14786)
1412,3,(286,2.12934),(443,2.19817),(1042,2.20456)
1413,3,(388,2.12947),(598,2.14304),(389,2.18413)
1414,3,(1067,2.19532),(979,2.26271),(980,2.26271)
1415,3,(4,2.12747),(414,2.15728),(651,2.15791)
1416,3,(534,2.17675),(1171,2.23631),(1105,2.266)
1417,3,(1114,2.12481),(634,2.15868),(1071,2.15971)
1418,3,(87,2.13805),(1124,2.15213),(710,2.16779)
1419,3,(13,2.20755),(1388,2.2278),(1112,2.23315)
1420,3,(1406,2.13666),(44,2.13675),(106,2.14091)
1421,3,(1269,2.08337),(1268,2.14348),(99,2.15012)
1422,3,(310,2.14188),(1228,2.1675),(1347,2.17615)
1423,3,(1136,2.17812),(12,2.1813),(454,2.18943)
1424,3,(746,2.32969),(1435,2.33033),(1269,2.37048)
1425,3,(287,2.42492),(1316,2.47726),(1444,2.49461)
1426,3,(718,2.1985),(397,2.20015),(318,2.21538)
1427,3,(914,2.14032),(432,2.16137),(1071,2.1642)
1428,3,(545,2.15447),(542,2.16817),(331,2.17991)
1429,3,(1445,2.21097),(1230,2.22213),(822,2.2501)
1430,3,(912,2.21029),(110,2.21876),(505,2.32428)
1431,3,(783,2.20237),(1262,2.22983),(689,2.23324)
1432,3,(561,2.10519),(411,2.19648),(203,2.2042)
1433,3,(1051,2.19402),(293,2.23307),(41,2.27866)
1434,3,(570,2.11746),(1439,2.12161),(222,2.14656)
1435,3,(41,2.28193),(282,2.28716),(1400,2.29502)
1436,3,(94,2.18998),(878,2.20661),(385,2.22076)
1437,3,(35,2.12527),(1411,2.14104),(1457,2.14201)
1438,3,(776,2.15526),(1443,2.16111),(234,2.18636)
1439,3,(1434,2.12161),(345,2.1635),(570,2.16844)
1440,3,(1305,2.19881),(195,2.24877),(128,2.25534)
1441,3,(192,2.14357),(121,2.19136),(1393,2.23578)
1442,3,(1287,2.10785),(1464,2.13727),(1072,2.15318)
1443,3,(1051,2.10721),(1480,2.12446),(1438,2.16111)
1444,3,(720,2.30175),(282,2.3222),(1394,2.3431)
1445,3,(824,2.09888),(1,2.1143),(1459,2.14324)
1446,3,(1068,2.08812),(345,2.1285),(1061,2.16844)
1447,3,(582,2.32042),(403,2.32567),(829,2.34938)
1448,3,(586,2.20318),(601,2.25214),(245,2.25665)
1449,3,(355,2.30018),(1383,2.31035),(1276,2.34715)
1450,3,(822,2.18037),(1,2.19798),(126,2.20446)
1451,3,(425,2),(1196,2.34955),(30,2.35031)
1452,3,(336,2.17876),(262,2.20258),(564,2.21609)
1453,3,(692,2.4214),(703,2.4274),(1214,2.5024)
1454,3,(862,2.26687),(962,2.26712),(1191,2.29326)
1455,3,(1398,2.26889),(460,2.30264),(32,2.31381)
1456,3,(1182,2.29795),(918,2.30289),(1275,2.32131)
1457,3,(635,2.09324),(35,2.13192),(1437,2.14201)
1458,3,(69,2.06415),(431,2.10819),(1354,2.11675)
1459,3,(172,2.04987),(791,2.13966),(1445,2.14324)
1460,3,(1039,2.22202),(1385,2.25018),(52,2.26201)
1461,3,(1005,2.1702),(1048,2.18097),(128,2.21616)
1462,3,(1370,2.21772),(493,2.26394),(1440,2.27223)
1463,3,(733,2.13219),(536,2.19233),(210,2.20721)
1464,3,(1287,2.08942),(1442,2.13727),(801,2.15896)
1465,3,(311,2.13485),(1318,2.15967),(771,2.19136)
1466,3,(477,2.37286),(1289,2.37336),(393,2.38038)
1467,3,(424,2.22175),(1402,2.2283),(1229,2.25299)
1468,3,(932,2.15274),(933,2.15274),(985,2.26868)
1469,3,(241,2.10058),(1145,2.10869),(925,2.11415)
1470,3,(574,2.10253),(1125,2.13728),(1257,2.14545)
1471,3,(1374,2.12493),(860,2.13207),(650,2.13453)
1472,3,(944,2.12006),(1314,2.14342),(735,2.15698)
1473,3,(1202,2.208),(832,2.27566),(893,2.31428)
1474,3,(1161,2.07999),(126,2.12136),(1,2.15848)
1475,3,(667,2.06175),(1130,2.09261),(131,2.10435)
1476,3,(15,2.18694),(173,2.20475),(898,2.20538)
1477,3,(1285,2.13779),(54,2.14051),(866,2.15583)
1478,3,(1479,2.19097),(977,2.27668),(987,2.30497)
1479,3,(1478,2.19097),(1468,2.28328),(929,2.31231)
1480,3,(1443,2.12446),(831,2.12773),(496,2.16849)
1481,3,(130,2.23721),(947,2.28227),(657,2.29523)
1482,3,(1090,2.15012),(814,2.15173),(1338,2.17046)
1483,3,(406,2.12694),(152,2.19504),(1423,2.19662)
1484,3,(1308,2.07759),(869,2.09602),(888,2.12727)
