1,3,(1445,0.114298),(633,0.1311),(473,0.134666)
2,3,(867,0.257852),(634,0.264223),(1380,0.266075)
3,3,(473,0.175324),(1087,0.188702),(1,0.19272)
4,3,(466,0.150379),(254,0.156735),(1211,0.164214)
5,3,(638,0.126626),(116,0.144217),(212,0.222934)
6,3,(938,0.686618),(826,0.72631),(1303,0.733242)
7,3,(642,0.116743),(60,0.135855),(567,0.139217)
8,3,(64,0.170146),(944,0.180633),(399,0.197652)
9,3,(84,0.123295),(609,0.127473),(624,0.13245)
10,3,(69,0.185009),(1070,0.20076),(38,0.204337)
11,3,(127,0.121559),(12,0.141214),(777,0.154789)
12,3,(1136,0.108119),(11,0.141214),(127,0.169916)
13,3,(1011,0.22207),(1122,0.225367),(442,0.252434)
14,3,(631,0.210257),(480,0.214114),(671,0.227533)
15,3,(472,0.235892),(473,0.24649),(872,0.246612)
16,3,(182,0.118956),(157,0.13077),(21,0.132529)
17,3,(1287,0.207219),(152,0.210176),(375,0.221286)
18,3,(386,0.125304),(387,0.125304),(466,0.138752)
19,3,(150,0.108226),(903,0.12891),(419,0.163749)
20,3,(946,0.173134),(537,0.187268),(1161,0.190581)
21,3,(372,0.091559),(1066,0.100581),(661,0.102472)
22,3,(563,0.10539),(1348,0.126424),(768,0.129988)
23,3,(1297,0.247813),(332,0.272884),(979,0.28402)
24,3,(25,0.0948038),(145,0.102334),(1216,0.106424)
25,3,(1264,0.0566244),(24,0.0948038),(1265,0.0955159)
26,3,(455,0.113223),(194,0.117593),(921,0.118565)
27,3,(366,0.0904413),(1304,0.172701),(414,0.20167)
28,3,(1302,0.0956395),(1301,0.124361),(54,0.138047)
29,3,(620,0.102076),(126,0.235324),(117,0.254999)
30,3,(1387,0.293297),(746,0.31694),(425,0.350311)
31,3,(780,0.144795),(806,0.24561),(1160,0.260266)
32,3,(567,0.334929),(7,0.342708),(733,0.344247)
33,3,(775,0.395418),(385,0.404836),(1172,0.410724)
34,3,(912,0.228377),(436,0.232941),(437,0.232941)
35,3,(1437,0.125267),(1457,0.131924),(635,0.157767)
36,3,(1411,0.20518),(97,0.228748),(581,0.254148)
37,3,(199,0.172362),(550,0.204649),(198,0.218132)
38,3,(278,0.129266),(1070,0.131365),(770,0.134341)
39,3,(458,0.140139),(860,0.20193),(671,0.208149)
40,3,(652,0.163623),(429,0.17894),(77,0.18117)
41,3,(720,0.16917),(293,0.180534),(1480,0.259477)
42,3,(364,0.253299),(1108,0.274998),(506,0.329586)
43,3,(512,0.14701),(288,0.232589),(478,0.266769)
44,3,(325,0.130581),(517,0.133116),(1420,0.136752)
45,3,(751,0.184859),(1337,0.237599),(1335,0.351735)
46,3,(178,0.333662),(1164,0.339021),(927,0.364115)
47,3,(513,0.389968),(1108,0.620357),(506,0.629795)
48,3,(579,0.359045),(664,0.447679),(662,0.660106)
49,3,(820,0.293058),(1342,0.303825),(221,0.38227)
50,3,(368,0.216509),(1428,0.26091),(315,0.262532)
51,3,(690,0.108707),(1066,0.117665),(372,0.129015)
52,3,(137,0.360632),(743,0.479777),(273,0.485629)
53,3,(890,0.239534),(1096,0.29498),(899,0.29734)
54,3,(725,0.131266),(28,0.138047),(735,0.139224)
55,3,(56,0.0581814),(1350,0.171146),(898,0.184861)
56,3,(55,0.0581814),(898,0.12668),(1350,0.140362)
57,3,(430,0.107975),(1474,0.193297),(558,0.208043)
58,3,(1310,0.150395),(917,0.170993),(725,0.177138)
59,3,(858,0.0840936),(1348,0.0942172),(365,0.120386)
60,3,(433,0.11836),(7,0.135855),(521,0.169534)
61,3,(480,0.221688),(81,0.242796),(5,0.267509)
62,3,(1149,0.174594),(658,0.177066),(253,0.225902)
63,3,(479,0.18927),(1204,0.233427),(1142,0.242987)
64,3,(8,0.170146),(944,0.190779),(1128,0.218436)
65,3,(1173,0.199844),(830,0.21212),(1176,0.213542)
66,3,(763,0.149988),(388,0.197134),(830,0.199729)
67,3,(298,0.130379),(1216,0.178451),(392,0.183758)
68,3,(246,0.0652021),(1327,0.125064),(931,0.155267)
69,3,(1458,0.0641525),(1354,0.117916),(328,0.123037)
70,3,(306,0.177521),(1421,0.305629),(581,0.323814)
71,3,(1049,0.11513),(769,0.12803),(1296,0.131537)
72,3,(189,0.138102),(763,0.209074),(1368,0.219866)
73,3,(195,0.200126),(212,0.237405),(567,0.260394)
74,3,(608,0.0893546),(453,0.133686),(548,0.164037)
75,3,(714,0.175769),(920,0.242563),(605,0.25324)
76,3,(403,0.249724),(209,0.254629),(1046,0.265845)
77,3,(652,0.117285),(602,0.137156),(1220,0.178761)
78,3,(194,0.137066),(549,0.143763),(732,0.148716)
79,3,(77,0.273652),(625,0.277105),(619,0.292253)
80,3,(1005,0.170825),(560,0.187591),(861,0.193243)
81,3,(218,0.124459),(670,0.14786),(118,0.148034)
82,3,(458,0.131225),(1005,0.16519),(452,0.176863)
83,3,(207,0.231211),(26,0.250543),(218,0.256953)
84,3,(624,0.111347),(9,0.123295),(609,0.177663)
85,3,(610,0.55565),(760,0.933639),(123,1.21831)
86,3,(794,0.341847),(1120,0.34201),(448,0.35643)
87,3,(1042,0.0957022),(450,0.132723),(1418,0.138053)
88,3,(776,0.205131),(496,0.220949),(1421,0.262923)
89,3,(1204,0.173435),(260,0.230842),(418,0.23357)
90,3,(381,0.26278),(13,0.273234),(154,0.286042)
91,3,(90,0.29289),(130,0.314216),(974,0.34502)
92,3,(920,0.255175),(1405,0.260161),(463,0.28743)
93,3,(141,0.101622),(262,0.128628),(1257,0.156603)
94,3,(1436,0.18998),(146,0.26312),(1099,0.285418)
95,3,(849,0.198707),(309,0.210521),(279,0.214223)
96,3,(101,0.173441),(1203,0.173679),(1313,0.215114)
97,3,(1143,0.224989),(36,0.228748),(581,0.253709)
98,3,(192,0.128663),(206,0.277143),(199,0.319047)
99,3,(199,0.341104),(37,0.355325),(550,0.356628)
100,3,(56,0.183742),(55,0.198934),(133,0.240198)
101,3,(96,0.173441),(432,0.175762),(1406,0.197848)
102,3,(447,0.140655),(1408,0.142727),(1124,0.145774)
103,3,(381,0.241204),(849,0.273159),(1015,0.332532)
104,3,(1134,0.317295),(1164,0.355581),(915,0.359419)
105,3,(1012,0.0875928),(1013,0.0875928),(1032,0.131941)
106,3,(570,0.10786),(1386,0.115186),(341,0.128311)
107,3,(373,0.101419),(1282,0.101482),(1070,0.104024)
108,3,(505,0.0737634),(186,0.0981022),(575,0.157988)
109,3,(430,0.206404),(998,0.221995),(1308,0.242523)
110,3,(187,0.223376),(215,0.23521),(505,0.238339)
111,3,(176,0.699721),(230,0.78399),(813,0.862336)
112,3,(1363,0.140238),(811,0.196298),(276,0.208232)
113,3,(384,0.272338),(146,0.285371),(718,0.293801)
114,3,(1096,0.201295),(887,0.233507),(784,0.270313)
115,3,(1080,0.364024),(534,0.410229),(693,0.496304)
116,3,(403,0.121542),(5,0.144217),(638,0.183428)
117,3,(602,0.14512),(625,0.224677),(619,0.238634)
118,3,(81,0.148034),(218,0.1564),(207,0.159154)
119,3,(1470,0.430413),(463,0.435908),(1469,0.467937)
120,3,(611,0.21597),(1472,0.233746),(613,0.251272)
121,3,(205,0.190965),(198,0.291672),(192,0.29246)
122,3,(627,0.122723),(652,0.127453),(452,0.132904)
123,3,(602,0.149748),(77,0.219488),(625,0.226553)
124,3,(860,0.178047),(680,0.217925),(636,0.221181)
125,3,(1065,0.145001),(863,0.171686),(1439,0.189934)
126,3,(870,0.089019),(527,0.114813),(1,0.140102)
127,3,(805,0.106494),(11,0.121559),(231,0.135394)
128,3,(1048,0.197018),(1461,0.216162),(440,0.227019)
129,3,(268,0.152778),(386,0.167019),(387,0.187019)
130,3,(91,0.314216),(1027,0.332656),(1028,0.332656)
131,3,(1475,0.104352),(667,0.143625),(822,0.193046)
132,3,(148,0.230822),(95,0.254291),(823,0.283828)
133,3,(969,0.212131),(827,0.216509),(224,0.226171)
134,3,(142,0.205783),(724,0.300379),(810,0.303242)
135,3,(1151,0.160015),(912,0.161869),(925,0.187899)
136,3,(1057,0.200969),(148,0.21299),(187,0.220653)
137,3,(52,0.360632),(477,0.49019),(1371,0.535196)
138,3,(1159,0.13286),(881,0.160976),(1083,0.161421)
139,3,(1256,0.126624),(1262,0.199973),(1261,0.207054)
140,3,(538,0.274583),(944,0.351813),(1163,0.397845)
141,3,(93,0.101622),(365,0.102909),(858,0.126617)
142,3,(134,0.205783),(641,0.248036),(511,0.309089)
143,3,(1130,0.146058),(20,0.204915),(360,0.225734)
144,3,(276,0.223806),(952,0.237564),(1141,0.269084)
145,3,(24,0.102334),(356,0.121996),(1267,0.123695)
146,3,(94,0.26312),(113,0.285371),(1224,0.336453)
147,3,(830,0.1559),(1038,0.178036),(897,0.183491)
148,3,(136,0.21299),(132,0.230822),(1122,0.242917)
149,3,(555,0.334773),(1383,0.349803),(1276,0.421458)
150,3,(701,0.0937541),(19,0.108226),(258,0.157811)
151,3,(387,0.126335),(18,0.146212),(386,0.146335)
152,3,(17,0.210176),(1287,0.227787),(375,0.268115)
153,3,(887,0.267767),(1419,0.271223),(479,0.287079)
154,3,(864,0.126086),(865,0.178106),(51,0.187082)
155,3,(376,0.240943),(1102,0.252214),(1230,0.260838)
156,3,(258,0.0988915),(658,0.167138),(701,0.168265)
157,3,(16,0.13077),(365,0.162594),(141,0.167082)
158,3,(681,0.521544),(134,0.619763),(742,0.687134)
159,3,(1092,0.110653),(1083,0.116743),(1272,0.135062)
160,3,(123,0.237568),(650,0.253511),(860,0.258446)
161,3,(162,0),(1284,0.277448),(1283,0.289779)
162,3,(161,0),(1284,0.277448),(1283,0.289779)
163,3,(1089,0.060251),(1118,0.0968107),(1173,0.118047)
164,3,(892,0.155388),(700,0.179554),(1464,0.180912)
165,3,(585,0.091559),(1083,0.194028),(804,0.200727)
166,3,(102,0.190748),(470,0.196235),(286,0.209475)
167,3,(528,0.138565),(297,0.14975),(1188,0.157589)
168,3,(443,0.077602),(803,0.148102),(1412,0.230832)
169,3,(1454,0.30761),(1191,0.377898),(1112,0.395444)
170,3,(794,0.272866),(377,0.431429),(1229,0.438514)
171,3,(691,0.161301),(546,0.185136),(1099,0.194476)
172,3,(309,0.214878),(1475,0.221954),(823,0.224247)
173,3,(983,0.172478),(1477,0.174994),(764,0.204289)
174,3,(1317,0.0898692),(311,0.177071),(1293,0.227619)
175,3,(128,0.255003),(2,0.298307),(211,0.309466)
176,3,(1389,0.329717),(251,0.340444),(593,0.36479)
177,3,(490,0.181738),(1375,0.192786),(358,0.215316)
178,3,(1163,0.230379),(887,0.255072),(1299,0.285984)
179,3,(674,0.108119),(828,0.112867),(958,0.135304)
180,3,(330,0.23668),(1091,0.373899),(1219,0.389217)
181,3,(698,0.307094),(322,0.308483),(1256,0.32243)
182,3,(16,0.118956),(1353,0.137156),(1303,0.141755)
183,3,(1303,0.0935698),(938,0.14485),(1041,0.149545)
184,3,(1015,0.30414),(1016,0.30414),(285,0.328761)
185,3,(312,0.265238),(1213,0.296718),(730,0.298002)
186,3,(187,0.0932395),(108,0.0981022),(575,0.110519)
187,3,(186,0.0932395),(575,0.141286),(775,0.160203)
188,3,(1205,0.195175),(71,0.23457),(190,0.239934)
189,3,(72,0.138102),(1118,0.159934),(1310,0.166042)
190,3,(1054,0.0969382),(1049,0.164822),(278,0.193367)
191,3,(1355,0.103177),(1457,0.155902),(1437,0.184658)
192,3,(98,0.128663),(121,0.29246),(206,0.325696)
193,3,(431,0.0768107),(1458,0.125001),(1056,0.138174)
194,3,(26,0.117593),(78,0.137066),(680,0.189877)
195,3,(1471,0.174785),(400,0.192587),(73,0.200126)
196,3,(1046,0.135064),(494,0.14734),(1374,0.192983)
197,3,(627,0.137527),(612,0.187313),(619,0.191236)
198,3,(199,0.133168),(37,0.218132),(121,0.291672)
199,3,(198,0.133168),(37,0.172362),(550,0.241062)
200,3,(648,0.281368),(920,0.316833),(1405,0.327797)
201,3,(600,0.188829),(39,0.208504),(40,0.2336)
202,3,(871,0.23511),(611,0.351265),(516,0.367529)
203,3,(458,0.142792),(531,0.158611),(566,0.169028)
204,3,(60,0.264507),(608,0.273069),(74,0.296446)
205,3,(121,0.190965),(600,0.199901),(589,0.238259)
206,3,(98,0.277143),(192,0.325696),(1392,0.371532)
207,3,(118,0.159154),(494,0.186086),(1046,0.195891)
208,3,(82,0.309185),(211,0.330067),(1047,0.345611)
209,3,(638,0.190569),(76,0.254629),(212,0.264404)
210,3,(733,0.20084),(1463,0.207214),(403,0.263948)
211,3,(80,0.242312),(82,0.248781),(1005,0.266555)
212,3,(638,0.116307),(203,0.196307),(455,0.217077)
213,3,(550,0.259152),(15,0.273319),(29,0.286774)
214,3,(1368,0.100565),(818,0.149146),(1118,0.160816)
215,3,(1060,0.191253),(136,0.221825),(775,0.231358)
216,3,(69,0.13773),(328,0.162983),(1354,0.165241)
217,3,(1210,0.0806533),(235,0.180187),(234,0.208995)
218,3,(81,0.124459),(118,0.1564),(531,0.181847)
219,3,(1269,0.15235),(1370,0.187464),(1387,0.195518)
220,3,(305,0.332508),(740,0.417247),(507,0.61805)
221,3,(819,0.369202),(49,0.38227),(820,0.401532)
222,3,(341,0.0918893),(1386,0.101365),(1361,0.134022)
223,3,(500,0.124212),(571,0.134789),(1326,0.169333)
224,3,(225,0.0812914),(827,0.166947),(1007,0.192978)
225,3,(224,0.0812914),(1007,0.157003),(1008,0.157003)
226,3,(1326,0.151947),(500,0.16967),(571,0.201565)
227,3,(1127,0.268285),(772,0.273098),(644,0.279266)
228,3,(280,0.258077),(782,0.273294),(833,0.31172)
229,3,(288,0.0926014),(562,0.180194),(1482,0.22856)
230,3,(593,0.71645),(251,0.740796),(111,0.78399)
231,3,(1272,0.12891),(957,0.132341),(127,0.135394)
232,3,(852,0.208379),(1096,0.301131),(1165,0.317073)
233,3,(1418,0.191542),(481,0.196494),(856,0.196665)
234,3,(235,0.0977739),(581,0.207082),(217,0.208995)
235,3,(234,0.0977739),(217,0.180187),(1210,0.191875)
236,3,(825,0.171677),(141,0.181163),(1021,0.181251)
237,3,(238,0),(1284,0.134996),(1283,0.2498)
238,3,(237,0),(1284,0.134996),(1283,0.2498)
239,3,(631,0.166575),(670,0.177134),(648,0.178763)
240,3,(243,0.189482),(611,0.362245),(656,0.366622)
241,3,(1469,0.100581),(1445,0.207093),(1470,0.259674)
242,3,(869,0.201048),(622,0.20177),(429,0.246803)
243,3,(240,0.189482),(605,0.311427),(762,0.328662)
244,3,(855,0.212306),(13,0.322292),(441,0.32809)
245,3,(397,0.244539),(1082,0.310794),(1262,0.327794)
246,3,(68,0.0652021),(931,0.113053),(1213,0.152664)
247,3,(590,0.281421),(1461,0.287794),(128,0.318628)
248,3,(516,0.369916),(202,0.375921),(611,0.406044)
249,3,(1401,0.129475),(444,0.157801),(486,0.161437)
250,3,(445,0.0503858),(1229,0.143053),(1042,0.190131)
251,3,(593,0.0933115),(176,0.340444),(1389,0.389389)
252,3,(1004,0.176221),(663,0.185953),(20,0.192913)
253,3,(1149,0.186213),(62,0.225902),(669,0.246647)
254,3,(838,0.153118),(1211,0.155769),(4,0.156735)
255,3,(1335,0.493658),(1344,0.556523),(1345,0.616107)
256,3,(886,0.316005),(490,0.364205),(707,0.36546)
257,3,(841,0.165064),(940,0.217444),(1136,0.218825)
258,3,(156,0.0988915),(658,0.148246),(817,0.156032)
259,3,(348,0.303028),(949,0.348889),(265,0.361978)
260,3,(877,0.106438),(421,0.135639),(896,0.144404)
261,3,(1149,0.156737),(658,0.197542),(156,0.197931)
262,3,(93,0.128628),(141,0.134404),(929,0.149351)
263,3,(831,0.243436),(1476,0.272991),(173,0.303592)
264,3,(413,0.0980467),(905,0.172192),(1140,0.179534)
265,3,(669,0.188886),(1030,0.241171),(426,0.266559)
266,3,(785,0.26618),(440,0.276416),(453,0.288909)
267,3,(782,0.080395),(1242,0.137776),(903,0.140257)
268,3,(129,0.152778),(151,0.156698),(159,0.159871)
269,3,(1004,0.114804),(640,0.190323),(252,0.19623)
270,3,(1052,0.258948),(291,0.267085),(710,0.274944)
271,3,(1282,0.160591),(373,0.162981),(51,0.167464)
272,3,(703,0.522943),(393,0.616559),(852,0.631633)
273,3,(1361,0.281817),(1194,0.329517),(222,0.365453)
274,3,(796,0.0727857),(414,0.104612),(1100,0.129799)
275,3,(901,0.145258),(1273,0.207071),(1211,0.244223)
276,3,(925,0.118104),(1145,0.1572),(112,0.208232)
277,3,(1480,0.325031),(1090,0.37022),(1435,0.386251)
278,3,(770,0.0823411),(846,0.090074),(59,0.122007)
279,3,(1346,0.160379),(1169,0.165516),(1174,0.183956)
280,3,(782,0.137143),(744,0.156025),(909,0.169242)
281,3,(800,0.0637079),(781,0.197057),(250,0.21663)
282,3,(1355,0.124263),(1400,0.136824),(1226,0.18887)
283,3,(369,0.220194),(152,0.301453),(1245,0.315202)
284,3,(285,0.0126582),(1063,0.15616),(335,0.175199)
285,3,(284,0.0126582),(1063,0.143502),(849,0.180231)
286,3,(1412,0.12934),(102,0.176104),(1408,0.188944)
287,3,(1067,0.254603),(1414,0.274998),(1417,0.297)
288,3,(562,0.0875928),(229,0.0926014),(595,0.218039)
289,3,(469,0.238788),(296,0.244847),(295,0.247785)
290,3,(1351,0.206658),(849,0.218261),(309,0.237715)
291,3,(1052,0.197726),(270,0.267085),(1482,0.321408)
292,3,(300,0.184804),(558,0.19045),(1058,0.202718)
293,3,(41,0.180534),(1480,0.236763),(720,0.286715)
294,3,(1058,0.087462),(525,0.112255),(824,0.136025)
295,3,(1403,0.0902603),(1422,0.189731),(316,0.223843)
296,3,(731,0.154485),(863,0.15699),(1434,0.181963)
297,3,(167,0.14975),(1203,0.164007),(102,0.168814)
298,3,(1293,0.125444),(575,0.12559),(67,0.130379)
299,3,(523,0.0948058),(1072,0.222343),(710,0.27343)
300,3,(558,0.0656467),(367,0.0926014),(1058,0.10533)
301,3,(1422,0.220541),(906,0.244549),(1434,0.256166)
302,3,(562,0.243882),(288,0.251474),(379,0.296666)
303,3,(598,0.223297),(1413,0.271546),(1320,0.312414)
304,3,(164,0.260075),(412,0.268525),(1102,0.270065)
305,3,(740,0.32474),(220,0.332508),(507,0.395411)
306,3,(70,0.177521),(1209,0.233837),(581,0.237214)
307,3,(765,0.257228),(660,0.601966),(501,0.791678)
308,3,(1062,0.121817),(1353,0.134273),(535,0.1387)
309,3,(1297,0.0696129),(313,0.159775),(979,0.197789)
310,3,(300,0.161545),(558,0.181214),(1228,0.191596)
311,3,(352,0.171696),(174,0.177071),(1349,0.203865)
312,3,(313,0.125571),(796,0.20403),(1292,0.214158)
313,3,(866,0.124878),(312,0.125571),(309,0.159775)
314,3,(339,0.206372),(1298,0.211768),(430,0.233321)
315,3,(368,0.173439),(331,0.188975),(1418,0.194549)
316,3,(1194,0.188838),(1366,0.210462),(296,0.21336)
317,3,(447,0.247759),(446,0.248753),(450,0.256588)
318,3,(1182,0.198183),(718,0.201817),(1426,0.215378)
319,3,(1189,0.158298),(580,0.251041),(497,0.299143)
320,3,(559,0.121622),(251,0.487716),(1390,0.550077)
321,3,(727,0.318581),(726,0.326706),(729,0.399874)
322,3,(1282,0.141819),(1256,0.149812),(373,0.159429)
323,3,(1266,0.14837),(792,0.168497),(347,0.223758)
324,3,(1113,0.288695),(1105,0.290822),(893,0.300892)
325,3,(517,0.0878511),(802,0.114031),(44,0.130581)
326,3,(1196,0.306496),(1086,0.397863),(1357,0.398897)
327,3,(484,0.316924),(42,0.429384),(1365,0.463368)
328,3,(1070,0.102341),(405,0.116104),(69,0.123037)
329,3,(996,0.137525),(734,0.138752),(1021,0.139812)
330,3,(180,0.23668),(1219,0.275511),(1033,0.276425)
331,3,(1402,0.118119),(542,0.160709),(545,0.174407)
332,3,(313,0.233651),(866,0.251113),(23,0.272884)
333,3,(475,0.188237),(508,0.199971),(432,0.224151)
334,3,(471,0.510785),(326,0.771501),(1444,0.829093)
335,3,(1213,0.117851),(284,0.175199),(848,0.179475)
336,3,(908,0.133614),(674,0.169519),(1452,0.178763)
337,3,(312,0.307846),(353,0.320414),(290,0.332489)
338,3,(769,0.190108),(465,0.241148),(563,0.244851)
339,3,(1292,0.165702),(300,0.179648),(558,0.179978)
340,3,(668,0.395622),(832,0.401425),(905,0.442337)
341,3,(222,0.0918893),(1321,0.124201),(106,0.128311)
342,3,(880,0.0678603),(1092,0.148039),(362,0.178685)
343,3,(533,0.0985672),(1174,0.156994),(1176,0.169466)
344,3,(1207,0.170755),(577,0.173707),(640,0.180139)
345,3,(1446,0.128502),(1439,0.163504),(411,0.169266)
346,3,(1307,0.339476),(679,0.415721),(1165,0.419815)
347,3,(1266,0.170201),(493,0.194063),(323,0.223758)
348,3,(949,0.26181),(358,0.266809),(808,0.274583)
349,3,(1197,0.10428),(1066,0.11357),(21,0.118305)
350,3,(524,0.208311),(17,0.228951),(1319,0.272877)
351,3,(661,0.120705),(21,0.163177),(401,0.185983)
352,3,(1057,0.158125),(311,0.171696),(1205,0.181801)
353,3,(1119,0.173363),(822,0.286947),(1297,0.297555)
354,3,(1309,0.273697),(1319,0.289272),(1287,0.304511)
355,3,(1082,0.32934),(1287,0.333843),(385,0.337218)
356,3,(145,0.121996),(895,0.138514),(308,0.149999)
357,3,(466,0.127147),(461,0.183895),(1331,0.185064)
358,3,(438,0.174326),(689,0.179403),(439,0.186798)
359,3,(1165,0.25984),(1388,0.270458),(945,0.306833)
360,3,(1410,0.0893454),(1130,0.0996756),(946,0.135304)
361,3,(1465,0.298881),(873,0.359547),(808,0.369468)
362,3,(879,0.13084),(1093,0.163053),(342,0.178685)
363,3,(938,0.148975),(28,0.167922),(1302,0.170312)
364,3,(42,0.253299),(506,0.263571),(1108,0.362722)
365,3,(141,0.102909),(858,0.103708),(59,0.120386)
366,3,(27,0.0904413),(1304,0.153553),(414,0.159534)
367,3,(300,0.0926014),(1484,0.136654),(1058,0.151954)
368,3,(315,0.173439),(50,0.216509),(1187,0.251321)
369,3,(1309,0.169071),(1172,0.185501),(1346,0.211107)
370,3,(404,0.128698),(533,0.132718),(769,0.133826)
371,3,(457,0.0564288),(690,0.0908396),(816,0.0913007)
372,3,(1066,0.0792826),(21,0.091559),(51,0.129015)
373,3,(1282,0.0933115),(107,0.101419),(1066,0.15278)
374,3,(877,0.166698),(572,0.190574),(398,0.218246)
375,3,(734,0.12084),(524,0.179971),(510,0.181898)
376,3,(1230,0.182869),(155,0.240943),(422,0.269801)
377,3,(1376,0.342519),(233,0.377546),(783,0.378121)
378,3,(967,0.270543),(968,0.270543),(314,0.31284)
379,3,(1482,0.204935),(1090,0.282714),(288,0.28818)
380,3,(1062,0.196186),(382,0.207778),(574,0.229501)
381,3,(1279,0.145647),(1063,0.15699),(849,0.202471)
382,3,(858,0.139606),(186,0.181355),(578,0.184599)
383,3,(414,0.093116),(826,0.128576),(1302,0.155073)
384,3,(1275,0.199547),(1252,0.237342),(586,0.243041)
385,3,(1287,0.223374),(1319,0.242506),(152,0.276367)
386,3,(387,0.02),(18,0.125304),(151,0.146335)
387,3,(386,0.02),(18,0.125304),(151,0.126335)
388,3,(389,0.11765),(524,0.164298),(1050,0.187794)
389,3,(388,0.11765),(983,0.21084),(1170,0.232214)
390,3,(679,0.239093),(1204,0.240386),(892,0.265764)
391,3,(77,0.198888),(631,0.238578),(671,0.244291)
392,3,(1216,0.123356),(1254,0.16285),(1014,0.162906)
393,3,(1466,0.380375),(742,0.399019),(703,0.489913)
394,3,(1306,0.286075),(928,0.300964),(715,0.326287)
395,3,(840,0.229075),(957,0.266501),(280,0.269296)
396,3,(708,1.11514),(842,1.23469),(1367,1.35108)
397,3,(245,0.244539),(311,0.306947),(1318,0.348641)
398,3,(1225,0.169403),(357,0.192159),(1151,0.194531)
399,3,(11,0.159277),(8,0.197652),(959,0.209167)
400,3,(1045,0.167654),(860,0.181683),(650,0.186617)
401,3,(465,0.148039),(351,0.185983),(271,0.21471)
402,3,(995,0.195359),(1261,0.260512),(1257,0.292068)
403,3,(116,0.121542),(608,0.181832),(74,0.203771)
404,3,(769,0.120332),(370,0.128698),(1049,0.178176)
405,3,(1056,0.0605093),(1049,0.0977739),(846,0.0992661)
406,3,(1483,0.126938),(1423,0.21045),(8,0.248497)
407,3,(408,0),(179,0.209528),(674,0.235175)
408,3,(407,0),(179,0.209528),(674,0.235175)
409,3,(410,0),(1095,0.420382),(829,0.420509)
410,3,(409,0),(1095,0.420382),(829,0.420509)
411,3,(486,0.127392),(1313,0.148183),(345,0.169266)
412,3,(164,0.206381),(556,0.208899),(1198,0.246422)
413,3,(264,0.0980467),(1140,0.19758),(905,0.250239)
414,3,(383,0.093116),(274,0.104612),(1302,0.116752)
415,3,(1109,0.213872),(416,0.214275),(1395,0.244345)
416,3,(415,0.214275),(1109,0.218432),(125,0.320661)
417,3,(915,0.230965),(490,0.328885),(1375,0.337837)
418,3,(420,0),(1274,0.146484),(910,0.175597)
419,3,(1211,0.123782),(1242,0.1511),(19,0.163749)
420,3,(418,0),(1274,0.146484),(910,0.175597)
421,3,(896,0.0586332),(905,0.110591),(877,0.117134)
422,3,(376,0.269801),(155,0.363502),(390,0.392735)
423,3,(700,0.187848),(1155,0.218934),(1098,0.233893)
424,3,(331,0.187663),(1402,0.189545),(250,0.194814)
425,3,(1451,0),(1196,0.349545),(30,0.350311)
426,3,(1030,0.0727857),(1095,0.167448),(520,0.243686)
427,3,(435,0.08),(1050,0.119417),(967,0.219613)
428,3,(439,0.0914943),(438,0.123966),(828,0.131924)
429,3,(652,0.135316),(607,0.153563),(40,0.17894)
430,3,(57,0.107975),(1350,0.156372),(1308,0.173105)
431,3,(193,0.0768107),(1458,0.108191),(1070,0.144217)
432,3,(1427,0.161365),(1362,0.169971),(101,0.175762)
433,3,(453,0.0946618),(60,0.11836),(521,0.128956)
434,3,(653,0.291151),(459,0.301831),(733,0.308918)
435,3,(427,0.08),(1050,0.159417),(1316,0.274355)
436,3,(437,0),(884,0.184404),(565,0.185846)
437,3,(436,0),(884,0.184404),(565,0.185846)
438,3,(439,0.0324719),(428,0.123966),(358,0.174326)
439,3,(438,0.0324719),(428,0.0914943),(841,0.151661)
440,3,(128,0.227019),(680,0.228248),(1045,0.239156)
441,3,(855,0.195783),(442,0.216878),(1122,0.230202)
442,3,(1122,0.122913),(22,0.132981),(1279,0.152729)
443,3,(168,0.077602),(803,0.137916),(1203,0.174405)
444,3,(249,0.157801),(528,0.178039),(486,0.184407)
445,3,(250,0.0503858),(1229,0.120065),(545,0.182336)
446,3,(666,0.115774),(1042,0.133304),(450,0.150307)
447,3,(102,0.140655),(341,0.151297),(528,0.177536)
448,3,(449,0),(106,0.133872),(1406,0.16694)
449,3,(448,0),(106,0.133872),(1406,0.16694)
450,3,(1042,0.130395),(87,0.132723),(1321,0.14046)
451,3,(726,0.108829),(729,0.254599),(321,0.410219)
452,3,(1043,0.116938),(122,0.132904),(455,0.134806)
453,3,(433,0.0946618),(521,0.130904),(74,0.133686)
454,3,(1301,0.14967),(28,0.165066),(1007,0.172443)
455,3,(1043,0.0979786),(921,0.107534),(26,0.113223)
456,3,(122,0.139268),(452,0.14559),(671,0.161882)
457,3,(371,0.0564288),(1234,0.0714943),(690,0.0768827)
458,3,(1180,0.12005),(82,0.131225),(39,0.140139)
459,3,(74,0.168635),(608,0.232673),(548,0.240718)
460,3,(548,0.126503),(1398,0.129596),(649,0.172063)
461,3,(466,0.0841452),(357,0.183895),(1331,0.186228)
462,3,(872,0.178149),(77,0.214289),(40,0.222745)
463,3,(1470,0.198888),(564,0.261661),(1469,0.275789)
464,3,(617,0.447022),(79,0.511047),(756,0.519509)
465,3,(401,0.148039),(183,0.223609),(372,0.238224)
466,3,(461,0.0841452),(357,0.127147),(18,0.138752)
467,3,(587,0.145062),(1252,0.254889),(1483,0.261406)
468,3,(1254,0.170183),(547,0.172648),(1063,0.177241)
469,3,(1391,0.210303),(1378,0.230715),(289,0.238788)
470,3,(450,0.15789),(781,0.17316),(87,0.175036)
471,3,(334,0.510785),(326,0.694861),(425,0.77687)
472,3,(618,0.178176),(126,0.210571),(429,0.232124)
473,3,(1087,0.106752),(1,0.134666),(600,0.171673)
474,3,(444,0.186811),(666,0.207853),(1446,0.210194)
475,3,(333,0.188237),(508,0.245108),(281,0.267901)
476,3,(695,0.534912),(394,0.559775),(669,0.580172)
477,3,(1289,0.466359),(411,0.474201),(169,0.476096)
478,3,(43,0.266769),(288,0.276594),(379,0.299707)
479,3,(63,0.18927),(843,0.192502),(1142,0.206169)
480,3,(531,0.160329),(203,0.178169),(81,0.19174)
481,3,(783,0.120201),(542,0.170201),(545,0.1839)
482,3,(325,0.177776),(517,0.215241),(802,0.223874)
483,3,(1409,0.165195),(493,0.19485),(1457,0.301242)
484,3,(853,0.309354),(327,0.316924),(1365,0.323659)
485,3,(1403,0.224664),(295,0.26998),(1422,0.277519)
486,3,(411,0.127392),(1112,0.142406),(249,0.161437)
487,3,(981,0.221798),(982,0.249195),(1212,0.277919)
488,3,(808,0.253867),(1388,0.331877),(835,0.346413)
489,3,(305,0.657296),(507,0.747616),(220,0.789401)
490,3,(1375,0.131941),(177,0.181738),(684,0.271928)
491,3,(724,0.133046),(780,0.209543),(663,0.213804)
492,3,(483,0.411009),(347,0.433995),(493,0.441475)
493,3,(1370,0.138176),(347,0.194063),(483,0.19485)
494,3,(1046,0.117593),(196,0.14734),(628,0.179242)
495,3,(584,0.248493),(494,0.250127),(1046,0.265248)
496,3,(88,0.220949),(1421,0.325842),(776,0.36608)
497,3,(319,0.299143),(1189,0.362111),(581,0.376194)
498,3,(1330,0.216942),(1407,0.226551),(1372,0.275376)
499,3,(1407,0.33371),(1371,0.350573),(297,0.351864)
500,3,(1326,0.0675928),(571,0.107844),(223,0.124212)
501,3,(660,0.584168),(765,0.714336),(307,0.791678)
502,3,(180,0.548438),(184,0.691888),(1091,0.708055)
503,3,(915,0.205647),(903,0.222786),(1163,0.234125)
504,3,(1077,0.5164),(665,0.638301),(1037,0.646777)
505,3,(108,0.0737634),(186,0.117071),(847,0.159859)
506,3,(364,0.263571),(42,0.329586),(1108,0.553951)
507,3,(305,0.395411),(740,0.542881),(220,0.61805)
508,3,(333,0.199971),(432,0.213751),(1103,0.229676)
509,3,(580,0.219148),(319,0.322538),(1189,0.334626)
510,3,(734,0.113773),(816,0.135516),(865,0.175826)
511,3,(950,0.105702),(804,0.152723),(1159,0.155381)
512,3,(43,0.14701),(1300,0.255164),(288,0.279861)
513,3,(1108,0.23039),(42,0.370445),(47,0.389968)
514,3,(1440,0.431681),(484,0.480789),(513,0.498863)
515,3,(293,0.392574),(853,0.419951),(594,0.487326)
516,3,(1470,0.250934),(75,0.259886),(871,0.262008)
517,3,(325,0.0878511),(44,0.133116),(802,0.133577)
518,3,(994,0.190122),(894,0.307247),(850,0.331921)
519,3,(751,0.194454),(1337,0.206658),(748,0.324701)
520,3,(887,0.225579),(1141,0.225697),(940,0.233385)
521,3,(642,0.0856395),(433,0.128956),(453,0.130904)
522,3,(677,0.365972),(1480,0.368337),(302,0.371986)
523,3,(299,0.0948058),(1072,0.246889),(710,0.323292)
524,3,(388,0.164298),(736,0.169215),(375,0.179971)
525,3,(294,0.112255),(1055,0.141801),(997,0.145267)
526,3,(786,0.212786),(1252,0.21414),(1360,0.238374)
527,3,(126,0.114813),(870,0.126566),(633,0.169792)
528,3,(1124,0.128521),(167,0.138565),(1188,0.143279)
529,3,(628,0.251889),(630,0.343832),(1046,0.350034)
530,3,(1159,0.151554),(881,0.178232),(950,0.191847)
531,3,(26,0.147206),(921,0.147722),(81,0.155171)
532,3,(50,0.265203),(368,0.391824),(528,0.397866)
533,3,(343,0.0985672),(457,0.0995244),(690,0.108102)
534,3,(1105,0.351309),(693,0.356664),(1276,0.378944)
535,3,(1125,0.121161),(308,0.1387),(563,0.140849)
536,3,(829,0.167599),(784,0.274028),(681,0.300445)
537,3,(20,0.187268),(252,0.194865),(1004,0.227326)
538,3,(1158,0.226418),(419,0.270824),(140,0.274583)
539,3,(596,0.459221),(562,0.525375),(43,0.542825)
540,3,(1251,0.305466),(832,0.309772),(877,0.32165)
541,3,(1458,0.130318),(69,0.169154),(1354,0.179654)
542,3,(545,0.0136986),(331,0.160709),(1428,0.168169)
543,3,(1282,0.142723),(322,0.166494),(271,0.183314)
544,3,(546,0.0578511),(691,0.14663),(958,0.171373)
545,3,(542,0.0136986),(1428,0.15447),(331,0.174407)
546,3,(544,0.0578511),(691,0.114096),(940,0.155448)
547,3,(1237,0.10901),(735,0.142275),(768,0.154275)
548,3,(460,0.126503),(74,0.164037),(521,0.182657)
549,3,(1088,0.115647),(78,0.143763),(921,0.171142)
550,3,(872,0.198827),(37,0.204649),(755,0.23045)
551,3,(656,0.274339),(920,0.277577),(714,0.279055)
552,3,(160,0.319355),(123,0.331897),(583,0.371663)
553,3,(1155,0.215378),(657,0.259864),(700,0.267903)
554,3,(1183,0.68932),(476,0.865225),(840,0.919114)
555,3,(682,0.290661),(149,0.334773),(876,0.336308)
556,3,(421,0.148305),(896,0.166938),(905,0.173579)
557,3,(456,0.182201),(631,0.203041),(531,0.211251)
558,3,(300,0.0656467),(1058,0.150976),(367,0.158248)
559,3,(320,0.121622),(251,0.420888),(1390,0.483249)
560,3,(629,0.168119),(80,0.187591),(26,0.198844)
561,3,(1432,0.105193),(411,0.274273),(716,0.331028)
562,3,(288,0.0875928),(229,0.180194),(595,0.195763)
563,3,(22,0.10539),(1296,0.134583),(1232,0.138763)
564,3,(714,0.233183),(463,0.261661),(516,0.270633)
565,3,(1003,0.143697),(640,0.150718),(884,0.164789)
566,3,(458,0.141179),(643,0.158421),(203,0.169028)
567,3,(7,0.139217),(851,0.182506),(642,0.188562)
568,3,(706,0.163677),(724,0.250176),(491,0.284284)
569,3,(776,0.297156),(778,0.322794),(773,0.347147)
570,3,(106,0.10786),(1434,0.117464),(1439,0.168436)
571,3,(500,0.107844),(1326,0.127648),(223,0.134789)
572,3,(1190,0.128752),(889,0.146021),(374,0.190574)
573,3,(659,0.170312),(655,0.175625),(563,0.188958)
574,3,(1125,0.0600647),(1257,0.142657),(1259,0.142657)
575,3,(186,0.110519),(298,0.12559),(187,0.141286)
576,3,(390,0.432156),(1230,0.437781),(376,0.457159)
577,3,(640,0.148772),(344,0.173707),(1207,0.180167)
578,3,(382,0.184599),(858,0.185267),(698,0.207987)
579,3,(48,0.359045),(662,0.503592),(664,0.552443)
580,3,(509,0.219148),(319,0.251041),(1189,0.257687)
581,3,(778,0.168893),(776,0.169215),(774,0.205525)
582,3,(653,0.197126),(74,0.218082),(1463,0.246811)
583,3,(671,0.171102),(1220,0.211882),(77,0.24271)
584,3,(207,0.24084),(621,0.245322),(118,0.245711)
585,3,(165,0.091559),(804,0.157473),(881,0.16823)
586,3,(601,0.171941),(1448,0.203183),(384,0.243041)
587,3,(467,0.145062),(1483,0.258536),(644,0.310593)
588,3,(1358,0.229471),(495,0.36806),(78,0.50559)
589,3,(1087,0.138642),(600,0.144335),(647,0.148493)
590,3,(247,0.281421),(266,0.316732),(440,0.370203)
591,3,(1356,0.203435),(264,0.230515),(905,0.249086)
592,3,(1353,0.161065),(1014,0.167787),(68,0.17471)
593,3,(251,0.0933115),(1389,0.321394),(176,0.36479)
594,3,(1440,0.266776),(229,0.450827),(595,0.452805)
595,3,(853,0.140146),(562,0.195763),(288,0.218039)
596,3,(293,0.307212),(562,0.313345),(288,0.373541)
597,3,(462,0.272247),(472,0.276116),(15,0.312233)
598,3,(1413,0.143044),(303,0.223297),(742,0.249024)
599,3,(459,0.428699),(787,0.437135),(266,0.487055)
600,3,(589,0.144335),(473,0.171673),(201,0.188829)
601,3,(586,0.171941),(1448,0.252135),(836,0.256339)
602,3,(77,0.137156),(117,0.14512),(123,0.149748)
603,3,(623,0.100963),(5,0.236684),(118,0.254688)
604,3,(1133,0.186496),(613,0.192583),(670,0.197184)
605,3,(714,0.0774713),(762,0.249938),(75,0.25324)
606,3,(613,0.265962),(919,0.314476),(617,0.328812)
607,3,(624,0.0995409),(613,0.135848),(626,0.151161)
608,3,(74,0.0893546),(453,0.160052),(403,0.181832)
609,3,(9,0.127473),(624,0.164347),(84,0.177663)
610,3,(85,0.55565),(760,0.746855),(624,1.1802)
611,3,(120,0.21597),(656,0.238154),(551,0.335079)
612,3,(197,0.187313),(621,0.207077),(628,0.226081)
613,3,(607,0.135848),(239,0.178993),(604,0.192583)
614,3,(673,0.300359),(629,0.343738),(654,0.359586)
615,3,(868,0.346651),(218,0.348683),(1472,0.363062)
616,3,(609,0.192078),(9,0.268918),(120,0.279342)
617,3,(79,0.318967),(606,0.328812),(84,0.329849)
618,3,(472,0.178176),(126,0.200183),(429,0.211879)
619,3,(624,0.165583),(429,0.178958),(40,0.185557)
620,3,(29,0.102076),(126,0.183118),(527,0.203136)
621,3,(1133,0.194929),(494,0.196272),(612,0.207077)
622,3,(759,0.0853884),(651,0.136875),(869,0.200198)
623,3,(603,0.100963),(673,0.263319),(118,0.279702)
624,3,(607,0.0995409),(84,0.111347),(9,0.13245)
625,3,(1374,0.128824),(1471,0.163351),(602,0.181749)
626,3,(607,0.151161),(1133,0.161035),(84,0.182199)
627,3,(122,0.122723),(671,0.13245),(197,0.137527)
628,3,(732,0.158825),(494,0.179242),(630,0.191943)
629,3,(654,0.131568),(861,0.151819),(560,0.168119)
630,3,(494,0.188565),(628,0.191943),(732,0.193092)
631,3,(239,0.166575),(77,0.184605),(557,0.203041)
632,3,(785,0.229661),(400,0.244145),(761,0.253424)
633,3,(1,0.1311),(1445,0.155511),(527,0.169792)
634,3,(2,0.264223),(1469,0.281556),(241,0.294349)
635,3,(1457,0.0932395),(35,0.157767),(1437,0.165376)
636,3,(124,0.221181),(1088,0.23026),(452,0.241487)
637,3,(920,0.230005),(648,0.257011),(1373,0.263154)
638,3,(212,0.116307),(5,0.126626),(203,0.177783)
639,3,(741,0.168053),(945,0.203423),(171,0.231449)
640,3,(577,0.148772),(565,0.150718),(344,0.180139)
641,3,(142,0.248036),(1419,0.342803),(1299,0.344258)
642,3,(521,0.0856395),(7,0.116743),(433,0.166291)
643,3,(1180,0.0820036),(670,0.135758),(458,0.154657)
644,3,(1127,0.211491),(1179,0.253629),(227,0.279266)
645,3,(845,0.214022),(461,0.215697),(466,0.223893)
646,3,(1323,0.192673),(1367,0.227215),(1204,0.276344)
647,3,(589,0.148493),(3,0.19428),(600,0.232829)
648,3,(1405,0.129417),(920,0.134404),(239,0.178763)
649,3,(460,0.172063),(400,0.208556),(1398,0.213871)
650,3,(860,0.0449346),(1471,0.134531),(1043,0.158595)
651,3,(622,0.136875),(869,0.179272),(759,0.196947)
652,3,(77,0.117285),(122,0.127453),(429,0.135316)
653,3,(582,0.197126),(116,0.202897),(608,0.204589)
654,3,(861,0.100251),(629,0.131568),(1088,0.165588)
655,3,(1294,0.13765),(1310,0.141875),(983,0.143625)
656,3,(611,0.238154),(714,0.257075),(651,0.270999)
657,3,(843,0.220379),(479,0.242247),(1204,0.251739)
658,3,(258,0.148246),(782,0.151214),(1149,0.16207)
659,3,(573,0.170312),(655,0.233983),(465,0.250001)
660,3,(765,0.364738),(501,0.584168),(307,0.601966)
661,3,(1197,0.0966079),(21,0.102472),(351,0.120705)
662,3,(664,0.448015),(579,0.503592),(1411,0.631073)
663,3,(252,0.185953),(491,0.213804),(269,0.231048)
664,3,(569,0.370921),(1143,0.418595),(48,0.447679)
665,3,(1364,0.229318),(1077,0.231788),(635,0.269733)
666,3,(446,0.115774),(528,0.17789),(445,0.183909)
667,3,(1475,0.0617453),(131,0.143625),(823,0.176752)
668,3,(715,0.291036),(1130,0.327232),(1162,0.329994)
669,3,(948,0.150255),(265,0.188886),(903,0.22115)
670,3,(868,0.0713634),(643,0.135758),(81,0.14786)
671,3,(627,0.13245),(456,0.161882),(732,0.167196)
672,3,(1257,0.177117),(1259,0.177117),(574,0.194347)
673,3,(629,0.184789),(623,0.263319),(654,0.273369)
674,3,(908,0.105774),(179,0.108119),(958,0.135118)
675,3,(90,0.29638),(1239,0.315518),(1245,0.317016)
676,3,(894,0.379431),(850,0.415554),(1240,0.441774)
677,3,(1480,0.225483),(1108,0.332533),(720,0.360981)
678,3,(1152,0.253956),(679,0.255592),(954,0.266784)
679,3,(1204,0.212587),(1142,0.219418),(1157,0.226938)
680,3,(194,0.189877),(452,0.190185),(1043,0.192329)
681,3,(536,0.300445),(1096,0.347928),(829,0.35284)
682,3,(907,0.105719),(878,0.226761),(1123,0.275304)
683,3,(957,0.258732),(231,0.276278),(961,0.289553)
684,3,(490,0.271928),(1136,0.28737),(12,0.309512)
685,3,(348,0.526288),(833,0.53745),(1465,0.539356)
686,3,(811,0.139211),(780,0.183919),(639,0.23554)
687,3,(859,0.111677),(730,0.154398),(25,0.178488)
688,3,(1279,0.189608),(442,0.247523),(1348,0.249012)
689,3,(961,0.14499),(1097,0.173062),(358,0.179403)
690,3,(1139,0.0664288),(457,0.0768827),(1234,0.0853884)
691,3,(546,0.114096),(544,0.14663),(940,0.155634)
692,3,(1320,0.339018),(876,0.373622),(1385,0.407264)
693,3,(1123,0.281083),(883,0.331794),(534,0.356664)
694,3,(520,0.263191),(915,0.273989),(817,0.285375)
695,3,(1179,0.102788),(903,0.157444),(782,0.221733)
696,3,(142,0.506056),(752,0.508927),(704,0.547511)
697,3,(1225,0.300573),(64,0.320798),(135,0.338282)
698,3,(1256,0.18597),(322,0.199419),(771,0.206416)
699,3,(37,0.32602),(213,0.386865),(552,0.391556)
700,3,(1252,0.127147),(1155,0.164479),(164,0.179554)
701,3,(150,0.0937541),(1290,0.118449),(839,0.125774)
702,3,(143,0.310953),(1247,0.350049),(537,0.381091)
703,3,(1481,0.401928),(947,0.403301),(1453,0.427401)
704,3,(1154,0.305096),(143,0.46491),(910,0.479023)
705,3,(704,0.509125),(143,0.626529),(696,0.631692)
706,3,(568,0.163677),(724,0.224282),(491,0.226584)
707,3,(544,0.280508),(177,0.282395),(886,0.324257)
708,3,(396,1.11514),(1161,1.32921),(939,1.37401)
709,3,(853,0.477767),(596,0.484942),(595,0.494924)
710,3,(299,0.27343),(270,0.274944),(523,0.323292)
711,3,(99,0.371929),(199,0.373559),(3,0.452696)
712,3,(205,0.255326),(1087,0.292751),(1459,0.333126)
713,3,(699,0.398243),(117,0.426234),(755,0.438487)
714,3,(605,0.0774713),(75,0.175769),(564,0.233183)
715,3,(1306,0.20554),(1162,0.239851),(387,0.268866)
716,3,(1366,0.185623),(1372,0.193245),(411,0.210488)
717,3,(883,0.195332),(1182,0.20395),(1275,0.226803)
718,3,(1182,0.168707),(1426,0.198504),(318,0.201817)
719,3,(551,0.287269),(871,0.337092),(611,0.377434)
720,3,(41,0.16917),(229,0.237673),(1480,0.253299)
721,3,(176,0.450239),(593,0.488447),(251,0.509417)
722,3,(141,0.188788),(1293,0.19454),(858,0.198121)
723,3,(1177,0.391228),(1178,0.391228),(1111,0.436271)
724,3,(491,0.133046),(706,0.224282),(591,0.249215)
725,3,(1118,0.111817),(983,0.122148),(1368,0.122343)
726,3,(451,0.108829),(729,0.173168),(321,0.326706)
727,3,(729,0.246869),(321,0.318581),(726,0.369651)
728,3,(1462,0.518366),(1443,0.728241),(729,0.828347)
729,3,(726,0.173168),(727,0.246869),(451,0.254599)
730,3,(193,0.148364),(687,0.154398),(859,0.194782)
731,3,(1361,0.137932),(341,0.14748),(222,0.151954)
732,3,(78,0.148716),(627,0.155639),(628,0.158825)
733,3,(1463,0.132192),(521,0.171365),(7,0.174913)
734,3,(736,0.108608),(510,0.113773),(371,0.120441)
735,3,(826,0.11499),(1314,0.119019),(54,0.139224)
736,3,(734,0.108608),(533,0.110251),(690,0.155881)
737,3,(1234,0.0740217),(826,0.0832911),(1176,0.0979231)
738,3,(1132,0.093044),(1055,0.105977),(1270,0.136042)
739,3,(895,0.124224),(1267,0.179596),(775,0.179927)
740,3,(305,0.32474),(220,0.417247),(507,0.542881)
741,3,(639,0.168053),(1426,0.216412),(1377,0.229211)
742,3,(1413,0.246752),(598,0.249024),(1324,0.313157)
743,3,(781,0.204547),(802,0.222085),(325,0.226228)
744,3,(280,0.156025),(957,0.160488),(1128,0.180921)
745,3,(1088,0.162506),(218,0.210403),(861,0.233532)
746,3,(30,0.31694),(1424,0.329691),(1400,0.337607)
747,3,(1345,0.560107),(795,0.568282),(1335,0.651897)
748,3,(1332,0.200591),(750,0.211295),(1352,0.212664)
749,3,(1085,0.402257),(820,0.48123),(49,0.51442)
750,3,(748,0.211295),(1343,0.362283),(1335,0.362393)
751,3,(1337,0.0801367),(45,0.184859),(519,0.194454)
752,3,(810,0.289683),(1154,0.331231),(943,0.34331)
753,3,(1180,0.358133),(209,0.358931),(638,0.3598)
754,3,(861,0.13803),(458,0.155195),(566,0.196374)
755,3,(550,0.23045),(37,0.263806),(213,0.343515)
756,3,(117,0.26652),(79,0.331093),(602,0.341007)
757,3,(868,0.204527),(218,0.256429),(609,0.269449)
758,3,(871,0.391561),(719,0.44051),(1201,0.477806)
759,3,(622,0.0853884),(613,0.195597),(651,0.196947)
760,3,(654,0.729481),(610,0.746855),(861,0.756627)
761,3,(630,0.237778),(632,0.253424),(73,0.262261)
762,3,(607,0.214605),(624,0.217536),(1380,0.246926)
763,3,(830,0.0727302),(1176,0.0990963),(1174,0.111568)
764,3,(983,0.176494),(173,0.204289),(1035,0.208134)
765,3,(307,0.257228),(660,0.364738),(501,0.714336)
766,3,(996,0.176926),(857,0.181856),(1281,0.204)
767,3,(553,0.270126),(878,0.28023),(657,0.288953)
768,3,(1237,0.0930532),(1296,0.108174),(22,0.129988)
769,3,(1049,0.117844),(404,0.120332),(71,0.12803)
770,3,(278,0.0823411),(846,0.0825274),(405,0.101683)
771,3,(322,0.192461),(698,0.206416),(1256,0.212386)
772,3,(922,0.145643),(913,0.168639),(1274,0.183181)
773,3,(774,0.0136986),(778,0.0956467),(776,0.142723)
774,3,(773,0.0136986),(778,0.109345),(776,0.156422)
775,3,(895,0.118174),(145,0.160008),(187,0.160203)
776,3,(778,0.11837),(773,0.142723),(774,0.156422)
777,3,(11,0.154789),(1242,0.17428),(922,0.179093)
778,3,(773,0.0956467),(774,0.109345),(776,0.11837)
779,3,(793,0.510729),(432,0.513521),(1395,0.531446)
780,3,(31,0.144795),(686,0.183919),(806,0.200816)
781,3,(1384,0.149554),(800,0.155821),(802,0.159217)
782,3,(267,0.080395),(280,0.137143),(179,0.141487)
783,3,(481,0.120201),(1431,0.202373),(1376,0.211552)
784,3,(1096,0.172006),(1324,0.24837),(834,0.263037)
785,3,(632,0.229661),(266,0.26618),(761,0.271006)
786,3,(526,0.212786),(1360,0.236365),(1252,0.241465)
787,3,(733,0.269159),(459,0.288436),(266,0.302794)
788,3,(790,0.0811699),(789,0.229018),(234,0.309578)
789,3,(790,0.195245),(788,0.229018),(36,0.354748)
790,3,(788,0.0811699),(789,0.195245),(778,0.26438)
791,3,(716,0.239855),(570,0.262464),(1362,0.2668)
792,3,(1266,0.0801275),(323,0.168497),(191,0.199645)
793,3,(1395,0.259283),(415,0.268051),(1109,0.314526)
794,3,(170,0.272866),(281,0.341583),(86,0.341847)
795,3,(1345,0.097141),(1206,0.43828),(519,0.4476)
796,3,(274,0.0727857),(163,0.15231),(414,0.154409)
797,3,(798,0.132583),(1365,0.496227),(484,0.572038)
798,3,(797,0.132583),(1365,0.468588),(515,0.541052)
799,3,(1384,0.205898),(450,0.230323),(474,0.252978)
800,3,(281,0.0637079),(781,0.155821),(1042,0.186156)
801,3,(1101,0.109143),(1464,0.158956),(945,0.175577)
802,3,(325,0.114031),(517,0.133577),(1203,0.136429)
803,3,(443,0.137916),(168,0.148102),(1412,0.217525)
804,3,(1159,0.0500555),(1083,0.116289),(1044,0.116875)
805,3,(127,0.106494),(833,0.17012),(11,0.179748)
806,3,(421,0.144527),(1241,0.167198),(896,0.180688)
807,3,(1142,0.191509),(892,0.193579),(1464,0.210137)
808,3,(1465,0.199002),(960,0.200137),(546,0.206754)
809,3,(1250,0.271172),(1129,0.311248),(1094,0.315172)
810,3,(943,0.14972),(950,0.164619),(910,0.165444)
811,3,(686,0.139211),(112,0.196298),(1225,0.22008)
812,3,(1306,0.196854),(1162,0.253552),(904,0.325498)
813,3,(727,0.405332),(729,0.409787),(321,0.42296)
814,3,(1439,0.302163),(296,0.320495),(1403,0.334178)
815,3,(1380,0.192594),(654,0.267393),(2,0.271903)
816,3,(371,0.0913007),(457,0.100332),(846,0.133044)
817,3,(1163,0.125855),(1097,0.132714),(258,0.156032)
818,3,(1232,0.136429),(1089,0.140323),(214,0.149146)
819,3,(221,0.369202),(820,0.495322),(49,0.53084)
820,3,(1085,0.283356),(49,0.293058),(1342,0.351945)
821,3,(1342,0.411749),(49,0.442996),(1340,0.491875)
822,3,(667,0.188255),(1474,0.192867),(131,0.193046)
823,3,(1475,0.165639),(667,0.176752),(131,0.219606)
824,3,(1058,0.115979),(294,0.136025),(738,0.140502)
825,3,(1254,0.0871965),(1267,0.127588),(141,0.152729)
826,3,(737,0.0832911),(735,0.11499),(1301,0.124007)
827,3,(224,0.166947),(225,0.20045),(133,0.216509)
828,3,(179,0.112867),(428,0.131924),(674,0.176042)
829,3,(536,0.167599),(784,0.271502),(1096,0.305832)
830,3,(1176,0.0663661),(763,0.0727302),(1173,0.0800647)
831,3,(367,0.232044),(300,0.232692),(558,0.238339)
832,3,(1140,0.166284),(1029,0.180646),(905,0.186228)
833,3,(805,0.17012),(280,0.179462),(1101,0.234873)
834,3,(899,0.213651),(887,0.231552),(436,0.24189)
835,3,(1388,0.236876),(62,0.284298),(952,0.306758)
836,3,(601,0.256339),(844,0.271058),(586,0.285808)
837,3,(838,0.285721),(874,0.30512),(591,0.309736)
838,3,(254,0.153118),(874,0.185376),(1211,0.217966)
839,3,(701,0.125774),(1290,0.135258),(150,0.199528)
840,3,(945,0.188884),(879,0.197927),(957,0.198693)
841,3,(439,0.151661),(257,0.165064),(438,0.184133)
842,3,(1448,1.19843),(396,1.23469),(586,1.24358)
843,3,(479,0.192502),(845,0.21889),(657,0.220379)
844,3,(836,0.271058),(601,0.290285),(586,0.306276)
845,3,(645,0.214022),(950,0.215394),(843,0.21889)
846,3,(770,0.0825274),(278,0.090074),(1234,0.093577)
847,3,(505,0.159859),(108,0.185834),(186,0.206153)
848,3,(1369,0.12461),(1175,0.15887),(735,0.163828)
849,3,(1368,0.165855),(285,0.180231),(335,0.191083)
850,3,(1238,0.116743),(1240,0.191548),(894,0.214263)
851,3,(567,0.182506),(638,0.22245),(212,0.243428)
852,3,(232,0.208379),(1324,0.271449),(114,0.272723)
853,3,(595,0.140146),(288,0.258185),(512,0.283214)
854,3,(1303,0.112976),(737,0.157636),(1281,0.164987)
855,3,(441,0.195783),(244,0.212306),(1011,0.247341)
856,3,(233,0.196665),(783,0.241295),(1418,0.257464)
857,3,(1281,0.179927),(766,0.181856),(996,0.285677)
858,3,(59,0.0840936),(365,0.103708),(141,0.126617)
859,3,(405,0.104352),(687,0.111677),(1056,0.144861)
860,3,(650,0.0449346),(1471,0.132068),(452,0.16215)
861,3,(654,0.100251),(1088,0.11597),(754,0.13803)
862,3,(1388,0.302183),(1419,0.32157),(114,0.365633)
863,3,(296,0.15699),(1065,0.165394),(125,0.171686)
864,3,(154,0.126086),(865,0.141889),(1296,0.150323)
865,3,(864,0.141889),(661,0.172664),(510,0.175826)
866,3,(1285,0.110379),(1350,0.124022),(313,0.124878)
867,3,(1380,0.200303),(647,0.238071),(527,0.23998)
868,3,(670,0.0713634),(81,0.151291),(531,0.166352)
869,3,(651,0.179272),(622,0.200198),(242,0.201048)
870,3,(126,0.089019),(527,0.126566),(1087,0.184052)
871,3,(202,0.23511),(516,0.262008),(637,0.336393)
872,3,(462,0.178149),(550,0.198827),(600,0.209759)
873,3,(1377,0.142397),(960,0.145649),(741,0.242019)
874,3,(838,0.185376),(387,0.246227),(386,0.266227)
875,3,(948,0.365965),(915,0.365974),(836,0.369933)
876,3,(555,0.336308),(692,0.373622),(947,0.457078)
877,3,(260,0.106438),(421,0.117134),(896,0.12837)
878,3,(1099,0.186761),(1436,0.206608),(907,0.21248)
879,3,(362,0.13084),(951,0.146938),(1093,0.162599)
880,3,(342,0.0678603),(1092,0.128484),(159,0.159137)
881,3,(1159,0.0940936),(1083,0.10786),(804,0.124149)
882,3,(1253,0.256437),(1449,0.361011),(693,0.415257)
883,3,(717,0.195332),(1182,0.236809),(1275,0.236819)
884,3,(565,0.164789),(1081,0.166097),(436,0.184404)
885,3,(946,0.10324),(1130,0.161856),(1151,0.166254)
886,3,(940,0.136947),(544,0.194009),(908,0.195783)
887,3,(926,0.162017),(1141,0.22231),(940,0.222601)
888,3,(18,0.164557),(939,0.175136),(151,0.196486)
889,3,(1190,0.105202),(572,0.146021),(951,0.189355)
890,3,(53,0.239534),(899,0.269458),(834,0.27075)
891,3,(1113,0.312932),(1276,0.330726),(893,0.333061)
892,3,(164,0.155388),(1098,0.164736),(807,0.193579)
893,3,(1113,0.165073),(324,0.300892),(1105,0.312517)
894,3,(1238,0.200509),(850,0.214263),(1240,0.222601)
895,3,(775,0.118174),(1267,0.121349),(739,0.124224)
896,3,(421,0.0586332),(905,0.106752),(877,0.12837)
897,3,(1177,0.162909),(1178,0.162909),(1038,0.170783)
898,3,(56,0.12668),(1308,0.184837),(55,0.184861)
899,3,(834,0.213651),(1299,0.229333),(511,0.24532)
900,3,(567,0.242021),(116,0.244323),(5,0.247503)
901,3,(275,0.145258),(1273,0.259596),(645,0.289795)
902,3,(1003,0.243818),(577,0.254788),(1104,0.266094)
903,3,(19,0.12891),(267,0.140257),(782,0.147278)
904,3,(1092,0.147394),(342,0.18062),(879,0.184212)
905,3,(1140,0.100055),(896,0.106752),(421,0.110591)
906,3,(1386,0.169148),(1192,0.181428),(106,0.207068)
907,3,(682,0.105719),(878,0.21248),(807,0.263046)
908,3,(674,0.105774),(940,0.129469),(336,0.133614)
909,3,(1242,0.152841),(267,0.161028),(280,0.169242)
910,3,(1331,0.110777),(943,0.114662),(913,0.148835)
911,3,(1222,0.120633),(1092,0.151936),(1241,0.153765)
912,3,(925,0.128502),(1145,0.159275),(135,0.161869)
913,3,(950,0.111614),(910,0.148835),(943,0.157519)
914,3,(1152,0.234096),(155,0.30353),(1145,0.306325)
915,3,(503,0.205647),(417,0.230965),(1164,0.23697)
916,3,(1397,0.284005),(66,0.314837),(133,0.315928)
917,3,(58,0.170993),(983,0.183773),(764,0.210379)
918,3,(1385,0.16383),(786,0.272415),(718,0.29336)
919,3,(609,0.235531),(604,0.245885),(84,0.248512)
920,3,(1405,0.133435),(648,0.134404),(1373,0.205103)
921,3,(1048,0.0801295),(1043,0.100332),(455,0.107534)
922,3,(951,0.0580467),(772,0.145643),(1274,0.157667)
923,3,(1265,0.0983769),(25,0.105444),(1264,0.11428)
924,3,(641,0.388596),(142,0.413351),(742,0.462947)
925,3,(276,0.118104),(912,0.128502),(1145,0.140362)
926,3,(887,0.162017),(1081,0.16934),(1141,0.213686)
927,3,(1127,0.327473),(46,0.364115),(928,0.364304)
928,3,(904,0.253067),(1127,0.299824),(394,0.300964)
929,3,(930,0.0364288),(985,0.14526),(986,0.14526)
930,3,(929,0.0364288),(262,0.158383),(985,0.159217)
931,3,(1100,0.0999247),(1055,0.112965),(246,0.113053)
932,3,(933,0),(1468,0.152736),(985,0.274284)
933,3,(932,0),(1468,0.152736),(985,0.274284)
934,3,(935,0),(224,0.289538),(225,0.290718)
935,3,(934,0),(224,0.289538),(225,0.290718)
936,3,(937,0),(1033,0.303559),(1328,0.312908)
937,3,(936,0),(1033,0.303559),(1328,0.312908)
938,3,(1303,0.120246),(1032,0.123966),(105,0.132919)
939,3,(888,0.175136),(706,0.289462),(1154,0.322434)
940,3,(908,0.129469),(886,0.136947),(546,0.155448)
941,3,(421,0.146042),(896,0.154806),(905,0.169217)
942,3,(1413,0.270711),(530,0.286037),(491,0.297013)
943,3,(910,0.114662),(1331,0.128829),(810,0.14972)
944,3,(8,0.180633),(64,0.190779),(1044,0.207112)
945,3,(1322,0.146418),(801,0.175577),(840,0.188884)
946,3,(885,0.10324),(360,0.135304),(1130,0.151991)
947,3,(1481,0.282266),(878,0.298689),(682,0.335581)
948,3,(782,0.145832),(669,0.150255),(903,0.175839)
949,3,(828,0.186051),(358,0.204999),(948,0.237673)
950,3,(511,0.105702),(913,0.111614),(943,0.163954)
951,3,(922,0.0580467),(879,0.146938),(1104,0.182589)
952,3,(144,0.237564),(1095,0.259665),(840,0.265118)
953,3,(1104,0.14725),(772,0.238103),(360,0.261989)
954,3,(1142,0.186156),(1299,0.225783),(436,0.239462)
955,3,(135,0.295666),(1251,0.31495),(395,0.333738)
956,3,(8,0.363226),(1423,0.384526),(944,0.402593)
957,3,(231,0.132341),(744,0.160488),(782,0.162019)
958,3,(674,0.135118),(179,0.135304),(11,0.161373)
959,3,(1190,0.174009),(399,0.209167),(171,0.223762)
960,3,(873,0.145649),(171,0.196424),(1377,0.198158)
961,3,(689,0.14499),(156,0.188825),(817,0.237661)
962,3,(1027,0.325266),(1028,0.325266),(1219,0.337508)
963,3,(964,0),(1329,0.307103),(1193,0.311297)
964,3,(963,0),(1329,0.307103),(1193,0.311297)
965,3,(966,0),(978,0.252884),(224,0.322692)
966,3,(965,0),(978,0.252884),(224,0.322692)
967,3,(968,0),(1309,0.0786517),(1050,0.167593)
968,3,(967,0),(1309,0.0786517),(1050,0.167593)
969,3,(1021,0.177608),(133,0.212131),(898,0.226158)
970,3,(971,0),(1304,0.151817),(1064,0.166833)
971,3,(970,0),(1304,0.151817),(1064,0.166833)
972,3,(356,0.196608),(973,0.208381),(1267,0.211301)
973,3,(1267,0.202397),(972,0.208381),(186,0.233564)
974,3,(91,0.34502),(987,0.406103),(988,0.406103)
975,3,(976,0),(934,0.355834),(935,0.355834)
976,3,(975,0),(934,0.355834),(935,0.355834)
977,3,(1478,0.27668),(1479,0.375695),(244,0.37699)
978,3,(1022,0.135774),(1477,0.238246),(54,0.246025)
979,3,(980,0),(1297,0.153492),(309,0.197789)
980,3,(979,0),(1297,0.153492),(309,0.197789)
981,3,(982,0.0273973),(1212,0.189226),(487,0.221798)
982,3,(981,0.0273973),(1212,0.216623),(487,0.249195)
983,3,(1310,0.0955159),(725,0.122148),(1118,0.126568)
984,3,(858,0.219685),(59,0.236363),(1257,0.244263)
985,3,(986,0),(929,0.14526),(930,0.159217)
986,3,(985,0),(929,0.14526),(930,0.159217)
987,3,(988,0),(1478,0.304974),(1193,0.319668)
988,3,(987,0),(1478,0.304974),(1193,0.319668)
989,3,(990,0.510492),(991,0.510492),(1091,1.01849)
990,3,(991,0),(989,0.510492),(987,1.41397)
991,3,(990,0),(989,0.510492),(987,1.41397)
992,3,(993,0.0873973),(1239,0.110307),(850,0.236502)
993,3,(992,0.0873973),(1239,0.142909),(1294,0.23076)
994,3,(518,0.190122),(850,0.215173),(1255,0.288629)
995,3,(402,0.195359),(1195,0.212598),(352,0.266931)
996,3,(329,0.137525),(141,0.165332),(93,0.166698)
997,3,(525,0.145267),(24,0.159801),(356,0.168956)
998,3,(1000,0.193039),(109,0.221995),(999,0.235443)
999,3,(998,0.235443),(1000,0.258874),(1308,0.379298)
1000,3,(998,0.193039),(999,0.258874),(831,0.395017)
1001,3,(998,0.458338),(1000,0.474073),(999,0.510415)
1002,3,(654,0.251274),(531,0.268965),(861,0.273494)
1003,3,(1151,0.137141),(565,0.143697),(1094,0.171035)
1004,3,(269,0.114804),(252,0.176221),(905,0.221297)
1005,3,(1048,0.0967426),(921,0.110895),(455,0.116237)
1006,3,(401,0.331474),(350,0.348813),(465,0.348881)
1007,3,(1008,0),(938,0.152585),(225,0.157003)
1008,3,(1007,0),(938,0.152585),(225,0.157003)
1009,3,(1010,0),(93,0.235191),(858,0.240438)
1010,3,(1009,0),(93,0.235191),(858,0.240438)
1011,3,(1035,0.171614),(51,0.189345),(58,0.198115)
1012,3,(1013,0),(105,0.0875928),(1197,0.0966244)
1013,3,(1012,0),(105,0.0875928),(1197,0.0966244)
1014,3,(1254,0.130688),(392,0.162906),(825,0.16309)
1015,3,(1016,0),(1255,0.172015),(1025,0.226889)
1016,3,(1015,0),(1255,0.172015),(1025,0.226889)
1017,3,(1018,0.0136986),(1475,0.210799),(667,0.245147)
1018,3,(1017,0.0136986),(1475,0.224498),(667,0.258846)
1019,3,(1020,0),(381,0.32694),(90,0.333125)
1020,3,(1019,0),(381,0.32694),(90,0.333125)
1021,3,(329,0.139812),(969,0.177608),(343,0.180807)
1022,3,(978,0.135774),(1477,0.184944),(826,0.234485)
1023,3,(1137,0.171286),(1138,0.171286),(1315,0.300522)
1024,3,(1263,0.383146),(1168,0.441641),(385,0.461097)
1025,3,(1026,0),(1255,0.178611),(335,0.221011)
1026,3,(1025,0),(1255,0.178611),(335,0.221011)
1027,3,(1028,0),(962,0.325266),(1328,0.328425)
1028,3,(1027,0),(962,0.325266),(1328,0.328425)
1029,3,(832,0.180646),(1356,0.206027),(905,0.207792)
1030,3,(426,0.0727857),(1095,0.11765),(520,0.238689)
1031,3,(231,0.194785),(1272,0.200707),(744,0.226237)
1032,3,(938,0.123966),(105,0.131941),(1012,0.139534)
1033,3,(1219,0.251146),(1257,0.271365),(1259,0.271365)
1034,3,(731,0.225564),(1167,0.227057),(296,0.239528)
1035,3,(1175,0.165708),(864,0.170663),(1011,0.171614)
1036,3,(995,0.372211),(355,0.398953),(245,0.42417)
1037,3,(1269,0.193041),(219,0.217975),(35,0.252977)
1038,3,(1270,0.112841),(1073,0.143223),(1484,0.158567)
1039,3,(1460,0.222019),(1416,0.270073),(1171,0.303504)
1040,3,(206,0.544134),(175,0.586097),(754,0.74157)
1041,3,(183,0.149545),(1303,0.151161),(1234,0.155597)
1042,3,(87,0.0957022),(1321,0.124878),(450,0.130395)
1043,3,(455,0.0979786),(921,0.100332),(452,0.116938)
1044,3,(804,0.116875),(1159,0.166931),(1083,0.170176)
1045,3,(400,0.167654),(1047,0.175287),(1305,0.194491)
1046,3,(494,0.117593),(196,0.135064),(207,0.195891)
1047,3,(1045,0.175287),(1461,0.258826),(400,0.265159)
1048,3,(921,0.0801295),(1005,0.0967426),(1043,0.132157)
1049,3,(846,0.0957742),(405,0.0977739),(71,0.11513)
1050,3,(427,0.119417),(435,0.159417),(967,0.167593)
1051,3,(1433,0.194024),(1438,0.199353),(792,0.297521)
1052,3,(291,0.197726),(270,0.258948),(1061,0.299809)
1053,3,(938,0.172981),(182,0.174461),(157,0.187219)
1054,3,(190,0.0969382),(1070,0.135381),(278,0.142406)
1055,3,(1270,0.0900647),(738,0.105977),(1100,0.108226)
1056,3,(405,0.0605093),(846,0.112378),(328,0.126228)
1057,3,(1236,0.115649),(858,0.143882),(278,0.144031)
1058,3,(294,0.087462),(1270,0.098484),(300,0.10533)
1059,3,(270,1.28753),(1052,1.31558),(710,1.3279)
1060,3,(215,0.191253),(1295,0.239859),(95,0.288575)
1061,3,(1052,0.299809),(270,0.304253),(291,0.365474)
1062,3,(308,0.121817),(1125,0.162858),(365,0.176344)
1063,3,(1279,0.11732),(285,0.143502),(284,0.15616)
1064,3,(1100,0.141107),(1309,0.153738),(970,0.166833)
1065,3,(125,0.145001),(863,0.165394),(345,0.178958)
1066,3,(372,0.0792826),(21,0.100581),(349,0.11357)
1067,3,(1414,0.195319),(287,0.254603),(1441,0.25764)
1068,3,(1446,0.0881186),(1381,0.139071),(474,0.212336)
1069,3,(1422,0.184655),(1403,0.288958),(295,0.294275)
1070,3,(328,0.102341),(107,0.104024),(405,0.123651)
1071,3,(710,0.444254),(291,0.463525),(1072,0.57077)
1072,3,(299,0.222343),(523,0.246889),(710,0.348357)
1073,3,(1302,0.127147),(1100,0.134804),(1038,0.143223)
1074,3,(1169,0.186213),(154,0.18832),(1050,0.221188)
1075,3,(1027,0.358829),(1028,0.358829),(995,0.379191)
1076,3,(757,0.278685),(714,0.279929),(605,0.288434)
1077,3,(665,0.231788),(1457,0.295819),(35,0.297)
1078,3,(731,1.20628),(1361,1.21577),(289,1.23552)
1079,3,(1428,0.240768),(545,0.315238),(50,0.31932)
1080,3,(115,0.364024),(1276,0.478298),(891,0.513694)
1081,3,(884,0.166097),(1299,0.167322),(926,0.16934)
1082,3,(139,0.211801),(1195,0.227931),(1261,0.240434)
1083,3,(1222,0.0907769),(881,0.10786),(1159,0.11155)
1084,3,(946,0.222004),(1130,0.249987),(885,0.251869)
1085,3,(820,0.283356),(1342,0.357161),(749,0.402257)
1086,3,(1196,0.202),(1409,0.320584),(282,0.330257)
1087,3,(473,0.106752),(589,0.138642),(1445,0.17103)
1088,3,(549,0.115647),(861,0.11597),(452,0.151747)
1089,3,(163,0.060251),(1232,0.0863661),(1118,0.137062)
1090,3,(1482,0.15012),(562,0.217313),(288,0.22972)
1091,3,(180,0.373899),(974,0.42784),(1447,0.440042)
1092,3,(159,0.110653),(880,0.128484),(904,0.147394)
1093,3,(879,0.162599),(362,0.163053),(951,0.186549)
1094,3,(1151,0.128176),(1230,0.150251),(1003,0.171035)
1095,3,(1030,0.11765),(426,0.167448),(908,0.176104)
1096,3,(784,0.172006),(114,0.201295),(887,0.227788)
1097,3,(817,0.132714),(689,0.173062),(1163,0.231172)
1098,3,(892,0.164736),(700,0.213553),(164,0.229347)
1099,3,(878,0.186761),(171,0.194476),(257,0.234586)
1100,3,(931,0.0999247),(1055,0.108226),(274,0.129799)
1101,3,(801,0.109143),(1322,0.187536),(945,0.191614)
1102,3,(135,0.190043),(1145,0.209419),(912,0.228174)
1103,3,(1112,0.130956),(250,0.191301),(445,0.214289)
1104,3,(953,0.14725),(922,0.172847),(951,0.182589)
1105,3,(1113,0.187444),(1115,0.255675),(324,0.290822)
1106,3,(1260,0.4472),(1416,0.472054),(1171,0.529806)
1107,3,(1366,0.403806),(799,0.409754),(743,0.410563)
1108,3,(513,0.23039),(42,0.274998),(677,0.332533)
1109,3,(415,0.213872),(416,0.218432),(793,0.314526)
1110,3,(417,0.369243),(259,0.519287),(1375,0.519926)
1111,3,(271,0.305621),(970,0.307085),(971,0.307085)
1112,3,(1103,0.130956),(486,0.142406),(1313,0.174878)
1113,3,(893,0.165073),(1105,0.187444),(892,0.283393)
1114,3,(155,0.305515),(1094,0.30973),(1230,0.366876)
1115,3,(1105,0.255675),(1113,0.423119),(553,0.42588)
1116,3,(205,0.304812),(473,0.317035),(1087,0.326129)
1117,3,(551,0.603525),(92,0.613493),(1116,0.618258)
1118,3,(1368,0.0832395),(163,0.0968107),(1310,0.105846)
1119,3,(353,0.173363),(55,0.282415),(822,0.306689)
1120,3,(1121,0.17785),(1229,0.216142),(445,0.223493)
1121,3,(1120,0.17785),(1185,0.201611),(1229,0.331003)
1122,3,(442,0.122913),(278,0.135316),(1063,0.17416)
1123,3,(682,0.275304),(693,0.281083),(907,0.338034)
1124,3,(528,0.128521),(102,0.145774),(1418,0.152131)
1125,3,(574,0.0600647),(535,0.121161),(308,0.139731)
1126,3,(1324,0.736495),(784,0.75853),(536,0.804625)
1127,3,(644,0.211491),(227,0.268285),(928,0.299824)
1128,3,(744,0.180921),(428,0.18403),(231,0.209989)
1129,3,(1044,0.205127),(804,0.22927),(585,0.24519)
1130,3,(360,0.0996756),(143,0.146058),(946,0.151991)
1131,3,(1395,0.205494),(333,0.22917),(1434,0.239096)
1132,3,(738,0.093044),(1055,0.153044),(525,0.154734)
1133,3,(626,0.161035),(604,0.186496),(621,0.194929)
1134,3,(586,0.250238),(503,0.25131),(1099,0.257144)
1135,3,(1148,0.213393),(530,0.216944),(1141,0.219215)
1136,3,(12,0.108119),(1423,0.178121),(11,0.183356)
1137,3,(1138,0),(1023,0.171286),(1281,0.219534)
1138,3,(1137,0),(1023,0.171286),(1281,0.219534)
1139,3,(1234,0.0663569),(690,0.0664288),(457,0.0778511)
1140,3,(905,0.100055),(896,0.132013),(832,0.166284)
1141,3,(1081,0.18176),(880,0.212723),(342,0.213168)
1142,3,(954,0.186156),(807,0.191509),(479,0.206169)
1143,3,(97,0.224989),(1186,0.257651),(778,0.375009)
1144,3,(790,0.270111),(581,0.300952),(36,0.302784)
1145,3,(925,0.140362),(276,0.1572),(912,0.159275)
1146,3,(251,0.444698),(593,0.473066),(559,0.563136)
1147,3,(718,0.231554),(1377,0.232054),(873,0.251868)
1148,3,(571,0.143384),(1326,0.171032),(530,0.20654)
1149,3,(261,0.156737),(658,0.16207),(62,0.174594)
1150,3,(703,0.455367),(682,0.477339),(1307,0.477957)
1151,3,(1094,0.128176),(1003,0.137141),(135,0.160015)
1152,3,(914,0.234096),(678,0.253956),(1160,0.289451)
1153,3,(491,0.220883),(571,0.229738),(223,0.259864)
1154,3,(910,0.233928),(943,0.263273),(706,0.264498)
1155,3,(1252,0.152275),(700,0.164479),(553,0.215378)
1156,3,(1448,0.383731),(586,0.459516),(1253,0.468392)
1157,3,(1204,0.222915),(679,0.226938),(390,0.274738)
1158,3,(701,0.171724),(839,0.200231),(19,0.201805)
1159,3,(804,0.0500555),(881,0.0940936),(1083,0.11155)
1160,3,(780,0.225061),(31,0.260266),(269,0.274116)
1161,3,(885,0.170718),(20,0.190581),(888,0.205533)
1162,3,(1277,0.1596),(904,0.230283),(1274,0.238536)
1163,3,(817,0.125855),(258,0.189934),(11,0.207077)
1164,3,(915,0.23697),(1273,0.256348),(503,0.268191)
1165,3,(171,0.209021),(691,0.237608),(959,0.23773)
1166,3,(1377,0.279471),(62,0.28008),(1322,0.289366)
1167,3,(1034,0.227057),(316,0.261674),(1372,0.272209)
1168,3,(435,0.301574),(970,0.363677),(971,0.363677)
1169,3,(279,0.165516),(1074,0.186213),(369,0.232459)
1170,3,(389,0.232214),(388,0.259232),(350,0.274559)
1171,3,(1416,0.236306),(1039,0.303504),(1460,0.352698)
1172,3,(1346,0.179338),(369,0.185501),(1064,0.1963)
1173,3,(1176,0.0136986),(1174,0.0461705),(830,0.0800647)
1174,3,(1176,0.0324719),(1173,0.0461705),(1175,0.07)
1175,3,(1174,0.07),(1176,0.102472),(1173,0.116171)
1176,3,(1173,0.0136986),(1174,0.0324719),(830,0.0663661)
1177,3,(1178,0),(897,0.162909),(147,0.187979)
1178,3,(1177,0),(897,0.162909),(147,0.187979)
1179,3,(695,0.102788),(909,0.17245),(267,0.222557)
1180,3,(643,0.0820036),(458,0.12005),(455,0.126743)
1181,3,(1245,0.198763),(864,0.236883),(865,0.250323)
1182,3,(718,0.168707),(318,0.198183),(717,0.20395)
1183,3,(554,0.68932),(955,0.693253),(394,0.738669)
1184,3,(1185,0.23879),(317,0.280943),(666,0.294439)
1185,3,(1121,0.201611),(1184,0.23879),(1120,0.24153)
1186,3,(1143,0.257651),(97,0.369907),(88,0.480686)
1187,3,(1188,0.20865),(1215,0.234612),(1372,0.249088)
1188,3,(1372,0.0629093),(528,0.143279),(167,0.157589)
1189,3,(319,0.158298),(580,0.257687),(306,0.321287)
1190,3,(889,0.105202),(572,0.128752),(959,0.174009)
1191,3,(1454,0.293262),(169,0.377898),(1103,0.411753)
1192,3,(906,0.181428),(1420,0.190715),(1427,0.190943)
1193,3,(929,0.299368),(963,0.311297),(964,0.311297)
1194,3,(1366,0.141624),(316,0.188838),(1361,0.221074)
1195,3,(995,0.212598),(1082,0.227931),(1057,0.234413)
1196,3,(1086,0.202),(326,0.306496),(1409,0.316632)
1197,3,(661,0.0966079),(1012,0.0966244),(1013,0.0966244)
1198,3,(892,0.212471),(877,0.225832),(269,0.229563)
1199,3,(1362,0.219615),(570,0.241801),(1395,0.260884)
1200,3,(919,0.369855),(210,0.390613),(582,0.397151)
1201,3,(758,0.477806),(871,0.567438),(248,0.577058)
1202,3,(1473,0.207997),(1029,0.395727),(832,0.417682)
1203,3,(802,0.136429),(517,0.142609),(44,0.145855)
1204,3,(89,0.173435),(1367,0.206949),(679,0.212587)
1205,3,(352,0.181801),(188,0.195175),(1258,0.216051)
1206,3,(1344,0.248769),(1332,0.375242),(1352,0.400841)
1207,3,(344,0.170755),(577,0.180167),(640,0.278553)
1208,3,(1209,0.117397),(773,0.245575),(774,0.259274)
1209,3,(1208,0.117397),(1421,0.204668),(234,0.211237)
1210,3,(217,0.0806533),(778,0.186531),(235,0.191875)
1211,3,(419,0.123782),(254,0.155769),(4,0.164214)
1212,3,(930,0.165949),(981,0.189226),(929,0.202378)
1213,3,(335,0.117851),(246,0.152664),(667,0.183555)
1214,3,(1460,0.474349),(1024,0.545307),(1039,0.563544)
1215,3,(1187,0.234612),(1112,0.293111),(486,0.320704)
1216,3,(24,0.106424),(392,0.123356),(278,0.157464)
1217,3,(1262,0.395692),(1280,0.43296),(1261,0.490049)
1218,3,(688,0.348691),(578,0.355144),(1009,0.378553)
1219,3,(1033,0.251146),(1328,0.265303),(330,0.275511)
1220,3,(77,0.178761),(40,0.192795),(732,0.208633)
1221,3,(694,0.398981),(178,0.509945),(153,0.524927)
1222,3,(1083,0.0907769),(911,0.120633),(1272,0.129469)
1223,3,(1252,0.295204),(1275,0.299637),(1276,0.305459)
1224,3,(1275,0.193146),(94,0.301237),(1436,0.302908)
1225,3,(398,0.169403),(135,0.197857),(231,0.201231)
1226,3,(282,0.18887),(1400,0.201934),(1355,0.250145)
1227,3,(802,0.188567),(1408,0.236558),(781,0.262467)
1228,3,(1347,0.0992826),(558,0.166228),(1292,0.187901)
1229,3,(445,0.120065),(250,0.143053),(1124,0.179722)
1230,3,(1094,0.150251),(376,0.182869),(1151,0.255955)
1231,3,(1286,0.281624),(1181,0.285891),(864,0.291996)
1232,3,(1089,0.0863661),(818,0.136429),(563,0.138763)
1233,3,(1243,0.0990871),(1244,0.0990871),(1041,0.164405)
1234,3,(1139,0.0663569),(457,0.0714943),(737,0.0740217)
1235,3,(214,0.163773),(1089,0.172596),(163,0.182978)
1236,3,(1057,0.115649),(1348,0.12668),(278,0.14732)
1237,3,(1296,0.0835698),(768,0.0930532),(547,0.10901)
1238,3,(1240,0.114806),(850,0.116743),(725,0.180065)
1239,3,(992,0.110307),(993,0.142909),(1238,0.208254)
1240,3,(1238,0.114806),(850,0.191548),(1255,0.216426)
1241,3,(1083,0.152989),(911,0.153765),(806,0.167198)
1242,3,(267,0.137776),(419,0.1511),(909,0.152841)
1243,3,(1244,0),(1233,0.0990871),(1041,0.170779)
1244,3,(1243,0),(1233,0.0990871),(1041,0.170779)
1245,3,(1246,0.173367),(1181,0.198763),(388,0.300707)
1246,3,(1245,0.173367),(1369,0.242795),(848,0.274547)
1247,3,(577,0.309005),(1207,0.335192),(702,0.350049)
1248,3,(1323,0.181437),(1367,0.209596),(260,0.226798)
1249,3,(252,0.194999),(537,0.247654),(357,0.249945)
1250,3,(269,0.248232),(1004,0.260563),(252,0.260724)
1251,3,(572,0.214533),(374,0.232249),(398,0.30153)
1252,3,(700,0.127147),(1155,0.152275),(526,0.21414)
1253,3,(882,0.256437),(1449,0.377448),(693,0.451694)
1254,3,(825,0.0871965),(1014,0.130688),(392,0.16285)
1255,3,(1015,0.172015),(1016,0.172015),(1025,0.178611)
1256,3,(139,0.126624),(322,0.149812),(698,0.18597)
1257,3,(1259,0),(574,0.142657),(93,0.156603)
1258,3,(1205,0.216051),(322,0.216859),(698,0.231334)
1259,3,(1257,0),(574,0.142657),(93,0.156603)
1260,3,(1416,0.416753),(1106,0.4472),(1039,0.455532)
1261,3,(352,0.20376),(139,0.207054),(1082,0.240434)
1262,3,(139,0.199973),(1256,0.238292),(1280,0.24167)
1263,3,(38,0.226429),(154,0.256472),(1074,0.275826)
1264,3,(1265,0.0388915),(25,0.0566244),(24,0.106484)
1265,3,(1264,0.0388915),(25,0.0955159),(923,0.0983769)
1266,3,(792,0.0801275),(323,0.14837),(347,0.170201)
1267,3,(895,0.121349),(145,0.123695),(825,0.127588)
1268,3,(1269,0.172063),(1387,0.192131),(792,0.233687)
1269,3,(219,0.15235),(1268,0.172063),(1387,0.190565)
1270,3,(1055,0.0900647),(1058,0.098484),(1038,0.112841)
1271,3,(738,0.174998),(824,0.195389),(1270,0.218326)
1272,3,(231,0.12891),(1222,0.129469),(1083,0.129613)
1273,3,(275,0.207071),(1164,0.256348),(901,0.259596)
1274,3,(1277,0.124913),(1331,0.131161),(418,0.146484)
1275,3,(1224,0.193146),(384,0.199547),(1182,0.223356)
1276,3,(1223,0.305459),(891,0.330726),(717,0.343834)
1277,3,(1274,0.124913),(881,0.152897),(1162,0.1596)
1278,3,(750,0.44167),(1343,0.522023),(748,0.58555)
1279,3,(1063,0.11732),(22,0.145064),(381,0.145647)
1280,3,(1349,0.210975),(1262,0.24167),(1256,0.264013)
1281,3,(854,0.164987),(857,0.179927),(766,0.204)
1282,3,(373,0.0933115),(107,0.101482),(1066,0.124413)
1283,3,(1284,0.114804),(237,0.2498),(238,0.2498)
1284,3,(1283,0.114804),(237,0.134996),(238,0.134996)
1285,3,(1350,0.109345),(866,0.110379),(1477,0.137794)
1286,3,(388,0.247521),(389,0.251797),(524,0.275955)
1287,3,(1319,0.205108),(17,0.207219),(510,0.213232)
1288,3,(1289,0.531106),(169,0.670615),(477,0.686806)
1289,3,(477,0.466359),(1288,0.531106),(561,0.558779)
1290,3,(701,0.118449),(839,0.135258),(150,0.192203)
1291,3,(239,0.265248),(757,0.284787),(1076,0.316891)
1292,3,(339,0.165702),(313,0.166617),(1347,0.184195)
1293,3,(298,0.125444),(1057,0.14499),(365,0.145071)
1294,3,(655,0.13765),(1310,0.156178),(983,0.183245)
1295,3,(1060,0.239859),(185,0.33192),(312,0.347229)
1296,3,(1237,0.0835698),(768,0.108174),(71,0.131537)
1297,3,(309,0.0696129),(979,0.153492),(980,0.153492)
1298,3,(314,0.211768),(1476,0.350526),(898,0.365014)
1299,3,(1081,0.167322),(954,0.225783),(884,0.225911)
1300,3,(512,0.255164),(43,0.277119),(595,0.288433)
1301,3,(826,0.124007),(28,0.124361),(454,0.14967)
1302,3,(1304,0.0553165),(28,0.0956395),(414,0.116752)
1303,3,(183,0.0935698),(854,0.112976),(938,0.120246)
1304,3,(1302,0.0553165),(830,0.143686),(414,0.146752)
1305,3,(1045,0.194491),(400,0.246959),(195,0.294864)
1306,3,(812,0.196854),(715,0.20554),(1162,0.238625)
1307,3,(89,0.246318),(1165,0.251475),(572,0.271233)
1308,3,(1484,0.0775928),(1350,0.164149),(430,0.173105)
1309,3,(967,0.0786517),(968,0.0786517),(1064,0.153738)
1310,3,(983,0.0955159),(1118,0.105846),(725,0.126743)
1311,3,(1312,0.0474065),(769,0.16357),(1279,0.164081)
1312,3,(1311,0.0474065),(818,0.174391),(1314,0.17535)
1313,3,(411,0.148183),(1112,0.174878),(341,0.182076)
1314,3,(735,0.119019),(1369,0.13084),(71,0.16245)
1315,3,(985,0.195254),(986,0.195254),(766,0.209541)
1316,3,(435,0.274355),(427,0.294355),(292,0.335328)
1317,3,(174,0.0898692),(311,0.22694),(298,0.255033)
1318,3,(311,0.214407),(1293,0.244668),(1057,0.26215)
1319,3,(1287,0.205108),(865,0.234583),(385,0.242506)
1320,3,(1385,0.270475),(303,0.312414),(786,0.330047)
1321,3,(341,0.124201),(1042,0.124878),(450,0.14046)
1322,3,(945,0.146418),(1101,0.187536),(940,0.19972)
1323,3,(1248,0.181437),(646,0.192673),(1367,0.245057)
1324,3,(1096,0.237029),(784,0.24837),(852,0.271449)
1325,3,(1354,0.120323),(1458,0.129143),(71,0.14991)
1326,3,(500,0.0675928),(571,0.127648),(226,0.151947)
1327,3,(68,0.125064),(246,0.190266),(738,0.191616)
1328,3,(1219,0.265303),(936,0.312908),(937,0.312908)
1329,3,(1281,0.273768),(963,0.307103),(964,0.307103)
1330,3,(1378,0.189678),(498,0.216942),(1372,0.255332)
1331,3,(910,0.110777),(943,0.128829),(1274,0.131161)
1332,3,(748,0.200591),(1352,0.243367),(1339,0.261956)
1333,3,(1472,0.422796),(759,0.509895),(613,0.529129)
1334,3,(1039,0.456429),(1245,0.470504),(894,0.504549)
1335,3,(751,0.301689),(748,0.332423),(45,0.351735)
1336,3,(1338,0.279217),(820,0.473687),(1344,0.499476)
1337,3,(751,0.0801367),(519,0.206658),(45,0.237599)
1338,3,(1336,0.279217),(1344,0.332618),(1340,0.389935)
1339,3,(1352,0.260379),(1332,0.261956),(1337,0.331834)
1340,3,(1342,0.184789),(1341,0.338068),(820,0.385577)
1341,3,(1340,0.338068),(1342,0.3717),(1335,0.394995)
1342,3,(1340,0.184789),(49,0.303825),(820,0.351945)
1343,3,(750,0.362283),(748,0.387369),(1352,0.414853)
1344,3,(1206,0.248769),(1352,0.312991),(1338,0.332618)
1345,3,(795,0.097141),(519,0.375775),(751,0.378537)
1346,3,(279,0.160379),(371,0.160587),(734,0.166234)
1347,3,(1228,0.0992826),(1292,0.184195),(558,0.191889)
1348,3,(59,0.0942172),(22,0.126424),(1236,0.12668)
1349,3,(311,0.203865),(1280,0.210975),(1009,0.245725)
1350,3,(1285,0.109345),(866,0.124022),(56,0.140362)
1351,3,(290,0.206658),(1297,0.2187),(309,0.243369)
1352,3,(748,0.212664),(1332,0.243367),(1339,0.260379)
1353,3,(308,0.134273),(182,0.137156),(68,0.160888)
1354,3,(1458,0.116752),(69,0.117916),(1325,0.120323)
1355,3,(191,0.103177),(282,0.124263),(1457,0.16583)
1356,3,(1140,0.1939),(591,0.203435),(1029,0.206027)
1357,3,(1364,0.357828),(326,0.398897),(665,0.423637)
1358,3,(588,0.229471),(495,0.455321),(76,0.501749)
1359,3,(1400,0.310971),(1394,0.314413),(282,0.378829)
1360,3,(700,0.206027),(1464,0.217516),(164,0.218427)
1361,3,(222,0.134022),(731,0.137932),(341,0.155525)
1362,3,(432,0.169971),(1199,0.219615),(44,0.248634)
1363,3,(112,0.140238),(811,0.234345),(1044,0.239822)
1364,3,(665,0.229318),(1226,0.254598),(1409,0.281209)
1365,3,(484,0.323659),(42,0.364932),(41,0.398933)
1366,3,(1194,0.141624),(517,0.147997),(325,0.170532)
1367,3,(1204,0.206949),(1248,0.209596),(646,0.227215)
1368,3,(1118,0.0832395),(214,0.100565),(725,0.122343)
1369,3,(848,0.12461),(1314,0.13084),(735,0.176484)
1370,3,(493,0.138176),(219,0.187464),(347,0.256289)
1371,3,(281,0.269938),(802,0.283937),(781,0.289779)
1372,3,(1188,0.0629093),(528,0.178791),(167,0.193101)
1373,3,(920,0.205103),(1405,0.252561),(648,0.259507)
1374,3,(1471,0.124931),(625,0.128824),(452,0.182266)
1375,3,(490,0.131941),(177,0.192786),(544,0.290766)
1376,3,(783,0.211552),(286,0.251108),(481,0.251753)
1377,3,(873,0.142397),(960,0.198158),(1322,0.207925)
1378,3,(325,0.152068),(341,0.182378),(470,0.183707)
1379,3,(698,0.334945),(1280,0.375555),(1256,0.401316)
1380,3,(815,0.192594),(867,0.200303),(527,0.205267)
1381,3,(1068,0.139071),(1446,0.207189),(1384,0.220736)
1382,3,(803,0.26065),(1412,0.288586),(1227,0.299018)
1383,3,(1449,0.310346),(149,0.349803),(717,0.360004)
1384,3,(450,0.146352),(781,0.149554),(1188,0.199657)
1385,3,(918,0.16383),(878,0.220939),(1360,0.230509)
1386,3,(222,0.101365),(106,0.115186),(1391,0.154217)
1387,3,(1269,0.190565),(1268,0.192131),(219,0.195518)
1388,3,(1419,0.227803),(835,0.236876),(359,0.270458)
1389,3,(593,0.321394),(176,0.329717),(251,0.389389)
1390,3,(251,0.46721),(559,0.483249),(593,0.517533)
1391,3,(1386,0.154217),(325,0.196889),(469,0.210303)
1392,3,(1087,0.250645),(633,0.262002),(870,0.26628)
1393,3,(1441,0.235778),(485,0.293448),(415,0.316828)
1394,3,(1355,0.218047),(191,0.22513),(282,0.279322)
1395,3,(1131,0.205494),(570,0.216866),(415,0.244345)
1396,3,(522,0.54237),(302,0.558893),(562,0.560303)
1397,3,(916,0.284005),(850,0.343729),(894,0.369687)
1398,3,(460,0.129596),(548,0.207794),(649,0.213871)
1399,3,(1427,0.202648),(1192,0.267009),(1417,0.281043)
1400,3,(282,0.136824),(1226,0.201934),(1355,0.238099)
1401,3,(249,0.129475),(444,0.193902),(411,0.257802)
1402,3,(331,0.118119),(424,0.189545),(481,0.201358)
1403,3,(295,0.0902603),(485,0.224664),(296,0.279434)
1404,3,(1090,0.26302),(562,0.298956),(302,0.320646)
1405,3,(648,0.129417),(920,0.133435),(613,0.233297)
1406,3,(1420,0.136663),(44,0.156149),(448,0.16694)
1407,3,(498,0.226551),(474,0.258331),(1366,0.291622)
1408,3,(102,0.142727),(286,0.188944),(297,0.198167)
1409,3,(483,0.165195),(191,0.192457),(1355,0.196696)
1410,3,(360,0.0893454),(946,0.171936),(1277,0.184734)
1411,3,(36,0.20518),(88,0.270182),(97,0.339116)
1412,3,(286,0.12934),(443,0.198174),(1042,0.204559)
1413,3,(598,0.143044),(742,0.246752),(63,0.259803)
1414,3,(1067,0.195319),(287,0.274998),(570,0.285898)
1415,3,(414,0.157285),(1302,0.166621),(1304,0.196621)
1416,3,(1171,0.236306),(1039,0.270073),(1460,0.381831)
1417,3,(1399,0.281043),(906,0.28932),(287,0.297)
1418,3,(87,0.138053),(1124,0.152131),(233,0.191542)
1419,3,(1388,0.227803),(887,0.248604),(153,0.271223)
1420,3,(1406,0.136663),(44,0.136752),(106,0.140914)
1421,3,(776,0.201157),(1209,0.204668),(234,0.212107)
1422,3,(1069,0.184655),(295,0.189731),(301,0.220541)
1423,3,(1136,0.178121),(12,0.181295),(1483,0.196617)
1424,3,(746,0.329691),(1269,0.370481),(282,0.379439)
1425,3,(287,0.424924),(1067,0.521478),(1069,0.524384)
1426,3,(718,0.198504),(318,0.215378),(741,0.216412)
1427,3,(432,0.161365),(1406,0.187728),(1192,0.190943)
1428,3,(545,0.15447),(542,0.168169),(331,0.179912)
1429,3,(1194,0.264919),(1391,0.27122),(469,0.275686)
1430,3,(791,0.402262),(168,0.407548),(1362,0.409287)
1431,3,(783,0.202373),(1376,0.253032),(856,0.302403)
1432,3,(561,0.105193),(411,0.196477),(486,0.263869)
1433,3,(1051,0.194024),(792,0.336751),(1438,0.373377)
1434,3,(570,0.117464),(1439,0.121605),(222,0.146556)
1435,3,(41,0.281932),(484,0.351882),(720,0.36047)
1436,3,(94,0.18998),(878,0.206608),(1360,0.235865)
1437,3,(35,0.125267),(1457,0.142006),(635,0.165376)
1438,3,(1051,0.199353),(792,0.244917),(323,0.248499)
1439,3,(1434,0.121605),(345,0.163504),(570,0.168436)
1440,3,(594,0.266776),(514,0.431681),(229,0.518308)
1441,3,(1393,0.235778),(1067,0.25764),(863,0.297655)
1442,3,(1464,0.137268),(231,0.194857),(801,0.198958)
1443,3,(1462,0.540532),(726,0.631282),(451,0.669851)
1444,3,(282,0.322199),(1394,0.343099),(1355,0.370513)
1445,3,(1,0.114298),(1459,0.14324),(633,0.155511)
1446,3,(1068,0.0881186),(345,0.128502),(1366,0.195236)
1447,3,(518,0.381471),(1091,0.440042),(1315,0.461035)
1448,3,(586,0.203183),(601,0.252135),(689,0.257794)
1449,3,(1383,0.310346),(1276,0.347151),(717,0.350837)
1450,3,(1,0.197981),(126,0.204461),(633,0.209482)
1451,3,(425,0),(1196,0.349545),(30,0.350311)
1452,3,(336,0.178763),(674,0.253096),(922,0.260648)
1453,3,(692,0.421397),(703,0.427401),(876,0.550075)
1454,3,(1191,0.293262),(169,0.30761),(475,0.540776)
1455,3,(536,0.617183),(681,0.64142),(829,0.649876)
1456,3,(1182,0.297953),(918,0.302889),(1275,0.321309)
1457,3,(635,0.0932395),(35,0.131924),(1437,0.142006)
1458,3,(69,0.0641525),(431,0.108191),(1354,0.116752)
1459,3,(1445,0.14324),(527,0.184247),(1,0.211561)
1460,3,(1039,0.222019),(1171,0.352698),(1416,0.381831)
1461,3,(1005,0.170201),(1048,0.180967),(128,0.216162)
1462,3,(728,0.518366),(1443,0.540532),(321,0.908706)
1463,3,(733,0.132192),(210,0.207214),(649,0.21882)
1464,3,(1442,0.137268),(801,0.158956),(164,0.180912)
1465,3,(808,0.199002),(960,0.208753),(805,0.252598)
1466,3,(393,0.380375),(598,0.461003),(303,0.474711)
1467,3,(424,0.221745),(1402,0.228302),(1229,0.252989)
1468,3,(932,0.152736),(933,0.152736),(985,0.268683)
1469,3,(241,0.100581),(1445,0.208984),(1459,0.229752)
1470,3,(463,0.198888),(1469,0.232467),(516,0.250934)
1471,3,(1374,0.124931),(860,0.132068),(650,0.134531)
1472,3,(120,0.233746),(762,0.258756),(613,0.270875)
1473,3,(1202,0.207997),(832,0.275662),(893,0.314281)
1474,3,(1038,0.161751),(822,0.192867),(57,0.193297)
1475,3,(667,0.0617453),(131,0.104352),(823,0.165639)
1476,3,(173,0.204747),(898,0.20538),(1235,0.227999)
1477,3,(1285,0.137794),(54,0.140511),(866,0.155832)
1478,3,(1479,0.190969),(977,0.27668),(987,0.304974)
1479,3,(1478,0.190969),(1468,0.283275),(929,0.312306)
1480,3,(677,0.225483),(293,0.236763),(720,0.253299)
1481,3,(947,0.282266),(657,0.295227),(63,0.312613)
1482,3,(1090,0.15012),(379,0.204935),(229,0.22856)
1483,3,(406,0.126938),(1423,0.196617),(1136,0.208901)
1484,3,(1308,0.0775928),(367,0.136654),(1270,0.141819)
