1,3,(178,0.570158),(62,0.880341),(180,1.04026)
2,3,(678,0.815738),(522,0.838093),(218,0.870127)
3,3,(423,1.11551),(941,1.69757),(528,1.73038)
4,3,(502,1.05319),(393,1.46561),(815,1.56943)
5,3,(523,1.22048),(815,1.37451),(738,1.46874)
6,3,(686,1.3415),(88,1.62612),(830,1.80108)
7,3,(787,0.472206),(929,0.840243),(47,0.991145)
8,3,(512,1.01023),(816,1.08699),(731,1.26845)
9,3,(988,0.995773),(212,1.01309),(817,1.0406)
10,3,(321,0.0541983),(36,0.833604),(126,0.8857)
11,3,(965,0.655299),(463,0.65564),(624,0.741646)
12,3,(505,0.930087),(923,1.01577),(594,1.07354)
13,3,(406,0.567279),(481,0.714799),(541,0.897421)
14,3,(180,0.390411),(839,0.628373),(824,0.677928)
15,3,(156,0.316697),(747,0.610136),(532,0.739146)
16,3,(167,0.560865),(467,0.680944),(415,0.719268)
17,3,(150,0.361474),(804,0.577834),(774,0.606561)
18,3,(213,1.84597),(741,2.06665),(557,2.22988)
19,3,(379,1.06274),(989,1.2154),(703,1.22327)
20,3,(717,0.904463),(896,0.964462),(792,1.16859)
21,3,(207,0.567656),(380,0.87466),(247,0.881567)
22,3,(710,1.40099),(732,1.44138),(906,1.46671)
23,3,(582,1.28283),(618,1.3451),(694,1.34717)
24,3,(1000,1.01843),(538,1.17206),(479,1.33286)
25,3,(793,1.23901),(386,1.31301),(727,1.50774)
26,3,(261,0.967958),(61,1.17468),(110,1.19663)
27,3,(998,0.815473),(441,1.34116),(844,1.36145)
28,3,(976,1.9308),(428,2.01463),(758,2.11143)
29,3,(448,0.360049),(499,0.742637),(234,0.782116)
30,3,(814,1.3502),(702,1.7206),(974,1.80518)
31,3,(450,1.34193),(51,1.36721),(800,1.38766)
32,3,(209,0.345002),(144,0.538966),(261,0.772992)
33,3,(108,0.755847),(385,1.05356),(672,1.06949)
34,3,(284,0.788984),(355,0.849892),(585,0.877965)
35,3,(605,0.998109),(384,1.05685),(664,1.07926)
36,3,(10,0.847637),(321,0.848133),(967,0.984753)
37,3,(600,1.66104),(305,1.69556),(512,2.12346)
38,3,(50,0.899003),(359,1.00343),(223,1.09682)
39,3,(627,0.456449),(391,0.638584),(249,0.784721)
40,3,(763,0.558996),(709,0.671209),(202,0.695887)
41,3,(943,0.634701),(626,0.713584),(878,0.937405)
42,3,(966,0.813623),(436,0.837871),(633,1.00489)
43,3,(791,1.03449),(738,1.05154),(530,1.27587)
44,3,(803,1.03828),(119,1.32048),(737,1.37267)
45,3,(702,0.726569),(76,1.46116),(294,1.50478)
46,3,(380,0.833588),(547,0.972545),(325,0.973543)
47,3,(165,0.450539),(477,0.4943),(929,0.525569)
48,3,(805,1.28692),(752,1.43506),(343,1.46713)
49,3,(773,1.43807),(868,1.46702),(372,1.4681)
50,3,(359,0.586678),(103,0.911645),(509,0.913121)
51,3,(613,0.808787),(356,0.863985),(241,0.912137)
52,3,(731,0.988156),(33,1.12157),(526,1.27356)
53,3,(225,0.45121),(103,0.487015),(509,0.585587)
54,3,(507,1.03345),(750,1.03455),(436,1.1019)
55,3,(542,1.0445),(789,1.31239),(134,1.31594)
56,3,(276,1.98569),(315,1.99345),(860,2.04852)
57,3,(436,1.40445),(660,1.47228),(255,1.60304)
58,3,(277,1.02379),(71,1.13067),(403,1.29523)
59,3,(692,0.973459),(390,1.00938),(391,1.02527)
60,3,(762,1.49871),(927,1.52907),(579,1.54979)
61,3,(556,0.889064),(436,0.997347),(261,1.0204)
62,3,(1,0.865615),(178,0.900059),(289,1.02485)
63,3,(729,1.23516),(55,1.44867),(789,1.55629)
64,3,(888,0.697582),(616,1.2731),(916,1.53085)
65,3,(145,0.640909),(843,0.748664),(454,0.834142)
66,3,(845,1.33903),(979,1.34485),(224,1.47648)
67,3,(563,0.720615),(750,1.0434),(53,1.1083)
68,3,(168,0.557192),(662,0.840717),(633,0.901715)
69,3,(134,1.11117),(700,1.2892),(355,1.30733)
70,3,(477,0.308537),(47,0.53978),(65,0.877697)
71,3,(58,1.13575),(67,1.2879),(419,1.54446)
72,3,(201,0.878588),(136,0.89548),(687,0.979801)
73,3,(293,1.4279),(206,1.68519),(5,1.69502)
74,3,(182,1.46469),(781,1.67668),(660,1.81946)
75,3,(381,0.872148),(756,1.10259),(543,1.11798)
76,3,(625,0.726384),(839,1.04579),(124,1.21583)
77,3,(994,0.597239),(322,0.683586),(763,0.939575)
78,3,(487,0.913924),(85,0.98446),(834,1.04015)
79,3,(896,2.03387),(20,2.15803),(828,2.17489)
80,3,(693,0.543925),(406,0.790979),(556,0.878237)
81,3,(909,1.16731),(181,1.47856),(54,1.54428)
82,3,(743,0.58334),(995,0.759782),(626,0.937581)
83,3,(796,0.835413),(725,0.896659),(866,0.897643)
84,3,(262,0.608246),(850,1.01324),(863,1.04654)
85,3,(849,0.279356),(850,0.797864),(479,0.9172)
86,3,(434,0.707906),(332,0.741113),(244,0.759285)
87,3,(162,0.733096),(554,0.809976),(482,1.02876)
88,3,(564,1.58463),(6,1.61152),(502,1.74605)
89,3,(266,1.05642),(738,1.16979),(193,1.25493)
90,3,(202,1.25735),(708,1.38508),(760,1.3902)
91,3,(247,0.743543),(545,0.805323),(998,0.814345)
92,3,(589,1.01564),(850,1.06646),(127,1.12116)
93,3,(639,1.35864),(328,1.37544),(934,1.38198)
94,3,(520,1.45914),(281,1.48394),(764,1.51508)
95,3,(494,1.09347),(381,1.10106),(782,1.16556)
96,3,(375,1.85769),(63,1.86308),(729,1.93083)
97,3,(201,0.896695),(284,1.26261),(995,1.27999)
98,3,(339,0.607082),(642,0.734059),(574,0.818279)
99,3,(670,0.84624),(102,1.01705),(274,1.04737)
100,3,(792,1.67422),(561,1.83278),(468,1.92368)
101,3,(533,0.748622),(441,0.952421),(700,0.953224)
102,3,(195,0.668391),(529,0.756856),(411,0.825898)
103,3,(937,0.373541),(452,0.451341),(53,0.490259)
104,3,(208,0.590037),(938,1.1087),(760,1.15389)
105,3,(573,0.673454),(734,0.681446),(297,0.783677)
106,3,(432,1.78581),(940,1.90125),(416,1.90463)
107,3,(828,1.55216),(552,1.99954),(739,2.06361)
108,3,(33,0.761552),(144,0.953358),(261,1.01091)
109,3,(352,1.45907),(296,1.56901),(731,1.59108)
110,3,(910,0.622469),(425,0.962833),(914,1.11486)
111,3,(970,1.8679),(685,1.96083),(823,1.97191)
112,3,(505,0.932841),(700,0.970297),(472,1.00072)
113,3,(479,1.29382),(108,1.3162),(692,1.325)
114,3,(434,0.999603),(332,1.16961),(754,1.17506)
115,3,(436,0.910941),(42,1.01054),(189,1.20658)
116,3,(215,0.78163),(922,1.32438),(400,1.34599)
117,3,(543,1.17269),(994,1.31843),(77,1.32939)
118,3,(691,2.03541),(130,2.20601),(442,2.20754)
119,3,(803,0.712019),(320,1.20271),(44,1.33439)
120,3,(538,1.27175),(885,1.28115),(846,1.38246)
121,3,(522,0.874884),(435,0.967842),(566,0.970773)
122,3,(427,0.99946),(239,1.02708),(754,1.03011)
123,3,(583,0.631141),(865,0.674021),(53,0.727138)
124,3,(542,0.840297),(545,1.15843),(76,1.2036)
125,3,(776,1.01779),(832,1.08643),(338,1.09733)
126,3,(760,0.610759),(826,0.682783),(321,0.860096)
127,3,(652,0.727163),(16,0.753219),(511,0.780805)
128,3,(652,0.25141),(340,0.419653),(602,0.611301)
129,3,(475,0.850468),(990,0.942816),(321,0.954399)
130,3,(126,1.03556),(859,1.21305),(244,1.21578)
131,3,(296,1.04017),(707,1.25814),(908,1.26695)
132,3,(790,0.724451),(994,0.877934),(841,1.12574)
133,3,(254,0.926448),(403,0.948779),(377,0.973635)
134,3,(542,0.896176),(69,1.10799),(853,1.13075)
135,3,(638,1.05217),(673,1.26704),(969,1.49506)
136,3,(239,0.781842),(687,0.859414),(72,0.893192)
137,3,(385,1.05643),(869,1.23962),(880,1.26615)
138,3,(724,0.218499),(95,1.18104),(40,1.24593)
139,3,(410,1.41837),(687,1.63321),(62,1.66417)
140,3,(39,0.877824),(252,0.917346),(627,1.00705)
141,3,(291,1.22223),(648,1.52023),(315,1.65933)
142,3,(456,0.922673),(584,1.10197),(497,1.21819)
143,3,(959,0.818715),(435,0.861474),(859,0.904519)
144,3,(261,0.406555),(32,0.523173),(522,0.624049)
145,3,(547,0.630398),(65,0.643683),(843,0.697109)
146,3,(841,1.13859),(915,1.14373),(707,1.19074)
147,3,(803,1.11502),(394,1.24539),(320,1.27862)
148,3,(380,0.717873),(498,0.842341),(325,0.848406)
149,3,(398,0.774211),(10,1.19555),(781,1.22135)
150,3,(17,0.358218),(804,0.412416),(892,0.591289)
151,3,(610,1.30062),(552,1.55975),(612,1.57498)
152,3,(487,1.1212),(429,1.18739),(773,1.28354)
153,3,(231,0.459176),(329,0.643447),(822,0.851759)
154,3,(771,1.3675),(348,1.38557),(913,1.39467)
155,3,(960,0.902316),(98,0.966574),(700,1.10719)
156,3,(15,0.320983),(747,0.758465),(753,0.778131)
157,3,(265,1.35239),(517,1.457),(872,1.556)
158,3,(632,1.38034),(935,1.46549),(217,1.53541)
159,3,(443,0.867812),(621,1.00857),(314,1.05836)
160,3,(211,0.154345),(276,1.14815),(528,1.39586)
161,3,(792,1.23785),(407,1.45466),(934,1.58207)
162,3,(87,0.736414),(332,0.948966),(319,0.970873)
163,3,(995,0.783363),(424,0.890058),(799,0.923183)
164,3,(780,1.50753),(918,1.59607),(397,1.72759)
165,3,(371,0.419333),(47,0.451406),(477,0.836976)
166,3,(674,0.682532),(793,0.902677),(914,0.9188)
167,3,(16,0.498268),(340,0.612785),(723,0.702355)
168,3,(68,0.56519),(633,0.773386),(874,0.835643)
169,3,(513,0.660505),(796,0.856649),(866,0.919395)
170,3,(883,0.946471),(579,0.949947),(762,0.999532)
171,3,(854,0.889643),(183,1.43786),(89,1.62497)
172,3,(615,0.453573),(246,0.617915),(583,0.738214)
173,3,(859,0.877125),(167,0.88697),(692,0.972893)
174,3,(499,0.766416),(234,0.805895),(408,0.847616)
175,3,(952,0.915183),(80,1.00775),(693,1.15768)
176,3,(515,2.14706),(116,2.17755),(41,2.24556)
177,3,(919,0.874046),(751,0.896547),(144,1.06852)
178,3,(1,0.578642),(62,0.923268),(824,1.04365)
179,3,(242,1.57144),(831,1.59305),(639,1.71349)
180,3,(14,0.386785),(824,0.552824),(839,0.846646)
181,3,(81,1.42952),(469,1.45264),(403,1.49186)
182,3,(33,1.24922),(469,1.34006),(363,1.34304)
183,3,(930,1.25084),(667,1.45256),(171,1.5011)
184,3,(782,0.505345),(485,0.637572),(284,0.944293)
185,3,(657,0.579781),(480,1.13798),(405,1.23741)
186,3,(699,0.193589),(239,0.288748),(427,0.412705)
187,3,(151,2.24141),(502,2.27395),(293,2.41483)
188,3,(775,1.74515),(263,1.88758),(196,1.91819)
189,3,(588,0.749472),(935,0.801559),(365,0.917321)
190,3,(558,1.2541),(598,1.25716),(213,1.46143)
191,3,(254,1.35356),(847,1.76679),(880,1.85949)
192,3,(815,1.20496),(854,1.38544),(830,1.39705)
193,3,(369,0.696424),(705,0.860424),(266,1.11882)
194,3,(961,0.724145),(750,0.785087),(865,0.812123)
195,3,(102,0.713984),(999,0.999176),(529,1.15807)
196,3,(621,0.957123),(691,1.08125),(567,1.3423)
197,3,(493,0.15754),(386,0.677198),(818,0.840986)
198,3,(728,1.50773),(870,1.91609),(505,1.91646)
199,3,(960,1.03005),(311,1.18087),(682,1.20912)
200,3,(885,0.895199),(340,1.3353),(997,1.37531)
201,3,(97,0.898271),(72,0.903415),(319,0.951443)
202,3,(473,0.294272),(723,0.543981),(511,0.58507)
203,3,(950,0.936268),(470,0.988571),(372,1.00188)
204,3,(870,0.950587),(102,1.14235),(763,1.36337)
205,3,(528,1.23693),(944,1.25094),(303,1.44628)
206,3,(293,1.26277),(928,1.34963),(73,1.67857)
207,3,(247,0.496043),(21,0.553637),(892,0.825854)
208,3,(104,0.647535),(760,0.824672),(473,0.847079)
209,3,(32,0.359058),(144,0.719453),(261,1.13205)
210,3,(898,1.08896),(298,1.38146),(626,1.41711)
211,3,(160,0.158098),(276,1.03529),(917,1.32159)
212,3,(9,1.00388),(834,1.06041),(871,1.11027)
213,3,(836,1.45322),(190,1.45637),(720,1.66056)
214,3,(441,1.21878),(929,1.24486),(670,1.27796)
215,3,(116,0.785),(779,0.957086),(626,1.03153)
216,3,(394,1.65661),(196,1.74699),(147,1.82519)
217,3,(559,1.45794),(741,1.46822),(915,1.5953)
218,3,(249,0.602591),(2,0.87165),(231,0.990714)
219,3,(522,0.704662),(261,0.881014),(144,0.918039)
220,3,(988,0.812477),(487,0.831699),(366,0.941887)
221,3,(234,0.933549),(867,0.999021),(935,1.08504)
222,3,(776,0.890497),(870,1.12507),(505,1.24108)
223,3,(683,0.485681),(359,0.65822),(842,0.740589)
224,3,(831,1.10399),(979,1.10751),(407,1.22203)
225,3,(460,0.33876),(53,0.443824),(750,0.710315)
226,3,(404,1.1015),(358,1.25133),(862,1.42571)
227,3,(131,1.98788),(52,2.12744),(432,2.16066)
228,3,(397,1.14664),(155,1.17841),(539,1.20205)
229,3,(695,0.437884),(509,0.520681),(359,0.562204)
230,3,(624,0.994296),(584,1.0536),(365,1.1385)
231,3,(329,0.207296),(878,0.358945),(153,0.459176)
232,3,(696,0.9506),(706,1.05935),(378,1.07844)
233,3,(822,0.941709),(53,1.0374),(452,1.12014)
234,3,(499,0.258391),(971,0.521175),(40,0.757882)
235,3,(944,0.321136),(528,0.335589),(205,1.56307)
236,3,(369,1.22109),(193,1.22672),(266,1.3853)
237,3,(805,1.18356),(910,1.3922),(131,1.51462)
238,3,(704,1.04402),(978,1.49759),(565,1.69205)
239,3,(186,0.291998),(699,0.485587),(346,0.561228)
240,3,(461,0.819771),(317,1.0492),(823,1.47423)
241,3,(415,0.509376),(420,0.74426),(662,0.814785)
242,3,(548,1.20905),(20,1.21903),(276,1.4626)
243,3,(335,0.963672),(523,1.04222),(192,1.55811)
244,3,(821,0.583431),(933,0.658174),(390,0.708434)
245,3,(639,1.6257),(992,1.73548),(93,1.76844)
246,3,(615,0.478225),(905,0.615841),(172,0.621121)
247,3,(207,0.493338),(260,0.623592),(91,0.743543)
248,3,(489,2.139),(312,2.43611),(718,2.51412)
249,3,(218,0.610182),(627,0.612238),(39,0.719627)
250,3,(661,0.882583),(83,0.997673),(401,1.17856)
251,3,(876,1.11366),(824,1.26803),(883,1.44806)
252,3,(39,0.871618),(140,0.91981),(540,0.943614)
253,3,(784,1.14251),(971,1.24142),(356,1.24187)
254,3,(385,0.676942),(950,0.751171),(377,0.786891)
255,3,(436,0.656747),(42,1.09406),(577,1.14379)
256,3,(131,1.49596),(436,1.51387),(678,1.53624)
257,3,(186,0.489318),(427,0.493742),(699,0.548378)
258,3,(624,1.37856),(915,1.44572),(935,1.50436)
259,3,(279,0.715986),(297,0.788488),(351,1.01418)
260,3,(247,0.629591),(884,0.896242),(207,1.07484)
261,3,(144,0.409227),(435,0.439522),(522,0.59715)
262,3,(84,0.63096),(997,0.913268),(850,0.913693)
263,3,(433,1.38893),(769,1.39361),(827,1.49291)
264,3,(775,1.43003),(521,1.87381),(868,2.00601)
265,3,(872,1.21966),(157,1.39576),(942,1.43609)
266,3,(330,0.641037),(89,1.05732),(657,1.07681)
267,3,(629,0.457388),(889,0.82756),(438,0.862951)
268,3,(65,0.918262),(856,1.09803),(534,1.09966)
269,3,(326,1.79648),(962,1.81569),(320,1.84484)
270,3,(535,0.421897),(626,0.698181),(837,0.862488)
271,3,(995,0.993872),(743,1.12231),(298,1.12286)
272,3,(327,1.02674),(701,1.04765),(383,1.18882)
273,3,(96,2.04032),(974,2.0649),(939,2.23115)
274,3,(575,0.98961),(99,1.05293),(102,1.07877)
275,3,(286,0.941582),(919,1.14482),(296,1.43812)
276,3,(917,0.423194),(710,1.03247),(211,1.04078)
277,3,(386,0.360324),(491,0.650023),(985,0.752216)
278,3,(834,1.06272),(318,1.1247),(567,1.21016)
279,3,(259,0.719371),(429,0.91554),(351,0.932663)
280,3,(454,0.638593),(533,0.900701),(65,0.917468)
281,3,(758,0.896677),(520,1.09095),(852,1.20918)
282,3,(620,0.483083),(663,0.611843),(359,0.648011)
283,3,(844,1.05198),(82,1.34912),(27,1.42108)
284,3,(782,0.685274),(34,0.76841),(485,0.885713)
285,3,(554,1.14219),(321,1.16989),(340,1.2174)
286,3,(275,0.912325),(296,1.09716),(919,1.4686)
287,3,(369,1.1796),(266,1.2216),(89,1.25497)
288,3,(292,1.09349),(311,1.26465),(382,1.42472)
289,3,(62,1.03742),(84,1.11152),(709,1.1961)
290,3,(850,0.706262),(863,0.800845),(679,1.01229)
291,3,(391,0.980503),(759,1.01273),(249,1.02906)
292,3,(288,1.09176),(737,1.15894),(426,1.37048)
293,3,(502,1.23452),(206,1.26602),(73,1.42453)
294,3,(670,1.0564),(702,1.28756),(789,1.39094)
295,3,(303,1.78998),(788,1.80209),(831,1.81149)
296,3,(131,1.04242),(286,1.10029),(731,1.10321)
297,3,(768,0.514235),(259,0.787664),(105,0.794368)
298,3,(271,1.14632),(995,1.35478),(626,1.38417)
299,3,(401,0.538577),(996,0.780036),(487,1.00221)
300,3,(719,0.881984),(978,1.14444),(967,1.15522)
301,3,(220,1.01294),(817,1.02645),(279,1.12045)
302,3,(142,1.42715),(966,1.52149),(146,1.54533)
303,3,(864,1.14302),(205,1.42875),(675,1.44102)
304,3,(760,0.72051),(826,0.897284),(824,1.05796)
305,3,(374,1.67955),(37,1.70743),(550,1.78533)
306,3,(837,0.935179),(583,1.01481),(620,1.03571)
307,3,(734,0.918314),(573,0.920502),(969,0.986799)
308,3,(763,0.836394),(322,0.966239),(611,1.0275)
309,3,(709,0.661617),(479,0.818406),(635,0.880049)
310,3,(870,0.901321),(709,0.981506),(202,0.982415)
311,3,(288,1.22452),(199,1.22628),(829,1.33263)
312,3,(153,0.953592),(478,0.991142),(246,1.04645)
313,3,(767,0.876738),(796,0.914434),(169,0.951737)
314,3,(567,1.01498),(108,1.05939),(159,1.0638)
315,3,(860,1.47665),(942,1.58482),(141,1.62651)
316,3,(559,0.677306),(632,1.00939),(606,1.0773)
317,3,(240,1.05441),(875,1.13852),(461,1.22536)
318,3,(834,0.819775),(278,1.1034),(962,1.18103)
319,3,(186,0.557583),(404,0.586843),(332,0.608865)
320,3,(803,0.491754),(342,0.767362),(368,1.06666)
321,3,(10,0.0541983),(126,0.831502),(36,0.834099)
322,3,(77,0.663014),(16,0.729208),(863,0.733089)
323,3,(8,1.42256),(693,1.51129),(512,1.56145)
324,3,(662,0.494612),(786,0.534261),(415,0.667853)
325,3,(332,0.663264),(434,0.732154),(498,0.838163)
326,3,(147,1.37819),(803,1.49739),(320,1.60191)
327,3,(272,1.02144),(232,1.05688),(696,1.08918)
328,3,(93,1.37407),(831,1.38675),(639,1.39355)
329,3,(231,0.20939),(878,0.319993),(153,0.639624)
330,3,(266,0.641037),(525,0.927722),(657,0.947035)
331,3,(76,1.59876),(263,1.81313),(164,1.81406)
332,3,(434,0.521802),(319,0.621329),(325,0.655611)
333,3,(707,1.17118),(715,1.34525),(784,1.47719)
334,3,(518,1.35606),(58,1.52095),(903,1.72452)
335,3,(243,0.949519),(854,1.32507),(523,1.46855)
336,3,(394,1.34417),(342,1.47593),(586,1.48649)
337,3,(631,0.979341),(313,1.07714),(835,1.14684)
338,3,(662,0.706931),(324,0.797512),(415,0.805182)
339,3,(98,0.606425),(574,0.681947),(543,0.742473)
340,3,(652,0.446344),(128,0.48977),(602,0.526227)
341,3,(532,1.37511),(518,1.38169),(263,1.58243)
342,3,(368,0.509101),(747,0.636642),(320,0.768509)
343,3,(426,0.983762),(392,1.13788),(348,1.20586)
344,3,(61,1.25945),(983,1.43171),(26,1.54102)
345,3,(544,1.28927),(735,1.59961),(461,1.62345)
346,3,(239,0.561459),(975,0.57148),(186,0.757629)
347,3,(714,0.754625),(575,1.17576),(289,1.22953)
348,3,(953,1.23473),(343,1.23562),(368,1.27259)
349,3,(793,1.06284),(166,1.11209),(821,1.13307)
350,3,(887,1.04184),(755,1.78445),(801,2.02173)
351,3,(796,0.808661),(279,0.993449),(768,1.03177)
352,3,(252,1.28059),(13,1.29408),(752,1.31168)
353,3,(773,1.29331),(105,1.33485),(573,1.41187)
354,3,(915,1.0822),(708,1.41849),(721,1.5234)
355,3,(585,0.623484),(682,0.84137),(34,0.893517)
356,3,(784,0.659181),(482,0.851473),(51,0.880194)
357,3,(761,1.3453),(773,1.43177),(327,1.4656)
358,3,(878,0.698874),(231,0.741219),(427,0.810272)
359,3,(509,0.396543),(229,0.561011),(50,0.563484)
360,3,(571,0.602481),(870,0.637837),(597,0.796491)
361,3,(355,1.14482),(756,1.32454),(95,1.3861)
362,3,(846,0.957539),(507,1.0926),(787,1.23109)
363,3,(39,0.988434),(469,1.07259),(599,1.14374)
364,3,(600,0.935996),(166,0.985649),(865,0.99432)
365,3,(588,0.559398),(501,0.573613),(482,0.617935)
366,3,(513,0.759935),(487,0.798354),(429,0.865)
367,3,(386,0.846745),(427,1.02231),(412,1.05096)
368,3,(747,0.317664),(342,0.520205),(476,0.716225)
369,3,(193,0.713389),(823,0.998267),(287,1.17361)
370,3,(753,0.659395),(15,1.0145),(342,1.081)
371,3,(165,0.416322),(47,0.716891),(477,0.857659)
372,3,(892,0.842949),(852,0.87534),(470,0.98063)
373,3,(798,0.979234),(351,1.1181),(818,1.27119)
374,3,(305,1.6603),(673,2.06504),(903,2.06888)
375,3,(96,1.90433),(45,2.28157),(492,2.28724)
376,3,(833,1.35225),(12,1.86184),(492,1.8719)
377,3,(254,0.806172),(133,0.954844),(835,0.999886)
378,3,(682,0.684309),(787,0.963089),(520,0.991787)
379,3,(19,1.05012),(715,1.23839),(651,1.39692)
380,3,(148,0.72097),(46,0.811842),(545,0.824047)
381,3,(543,0.643634),(494,0.861162),(75,0.908289)
382,3,(458,1.35013),(288,1.42111),(19,1.43261)
383,3,(701,0.547176),(165,0.917826),(83,0.991276)
384,3,(482,0.697648),(848,0.777743),(609,0.792109)
385,3,(469,0.446655),(672,0.528545),(254,0.684052)
386,3,(277,0.360324),(493,0.665578),(197,0.679641)
387,3,(904,0.764877),(837,0.825497),(874,0.998611)
388,3,(402,1.45943),(642,1.51645),(893,1.52552)
389,3,(912,1.13241),(496,1.14925),(402,1.29168)
390,3,(821,0.70029),(244,0.709773),(484,0.713916)
391,3,(759,0.654606),(39,0.703282),(249,0.874768)
392,3,(343,1.13657),(368,1.16986),(753,1.24447)
393,3,(502,1.05929),(815,1.45151),(4,1.49878)
394,3,(803,1.04734),(342,1.183),(631,1.20329)
395,3,(391,1.15089),(868,1.23806),(698,1.26462)
396,3,(564,1.48584),(688,1.52346),(288,1.64592)
397,3,(228,1.14995),(794,1.25581),(458,1.25683)
398,3,(149,0.786918),(959,1.08658),(590,1.13467)
399,3,(541,1.61965),(601,1.65148),(177,1.698)
400,3,(136,0.914967),(428,1.02898),(861,1.11714)
401,3,(299,0.546951),(533,1.05486),(998,1.05976)
402,3,(883,0.789633),(876,1.11922),(170,1.21742)
403,3,(133,0.957907),(385,0.960682),(469,1.1017)
404,3,(319,0.57035),(862,0.654634),(821,0.682407)
405,3,(657,0.909144),(330,1.2402),(185,1.2446)
406,3,(13,0.58004),(693,0.648359),(541,0.736789)
407,3,(934,0.405134),(788,0.861105),(224,1.20185)
408,3,(174,0.875863),(127,0.976942),(807,1.08211)
409,3,(837,1.12231),(637,1.14756),(626,1.15423)
410,3,(687,0.94022),(136,1.29635),(201,1.3832)
411,3,(709,0.609252),(102,0.826177),(574,0.898371)
412,3,(572,1.00712),(754,1.03399),(470,1.03509)
413,3,(319,0.960078),(622,1.02381),(186,1.03973)
414,3,(942,1.24348),(489,1.85478),(20,1.96572)
415,3,(420,0.343618),(241,0.516278),(662,0.581171)
416,3,(717,1.09135),(855,1.12438),(528,1.57155)
417,3,(705,0.965319),(930,1.10784),(193,1.42785)
418,3,(805,1.27496),(48,1.601),(131,1.64342)
419,3,(983,1.14223),(425,1.14722),(166,1.15594)
420,3,(415,0.351885),(786,0.490396),(662,0.64785)
421,3,(866,0.766085),(648,1.10925),(437,1.17303)
422,3,(786,0.703848),(324,0.717056),(420,0.744429)
423,3,(3,1.0978),(582,1.12041),(587,1.32701)
424,3,(498,0.795464),(163,0.845267),(663,0.872286)
425,3,(110,0.955925),(910,0.993395),(419,1.15187)
426,3,(343,0.979999),(368,1.27492),(13,1.31489)
427,3,(699,0.393865),(186,0.412867),(754,0.496518)
428,3,(895,0.653268),(150,0.654026),(17,1.00561)
429,3,(366,0.861178),(279,0.919539),(351,1.07505)
430,3,(293,1.58872),(5,1.68084),(73,2.00733)
431,3,(630,0.856456),(301,1.18013),(817,1.21503)
432,3,(443,0.878694),(526,1.10967),(159,1.54166)
433,3,(263,1.39628),(76,1.55305),(853,1.70663)
434,3,(332,0.511136),(325,0.712859),(257,0.770824)
435,3,(261,0.439522),(811,0.642507),(692,0.668198)
436,3,(255,0.65672),(42,0.844732),(577,0.902984)
437,3,(866,0.924388),(421,1.13316),(753,1.16477)
438,3,(551,0.699949),(267,0.867084),(629,0.929393)
439,3,(14,1.13105),(180,1.28074),(839,1.40175)
440,3,(384,0.78535),(172,1.00651),(874,1.17529)
441,3,(998,0.568498),(700,0.649181),(454,0.672488)
442,3,(900,0.614812),(567,0.799116),(455,0.895407)
443,3,(159,0.87663),(432,0.918798),(526,0.946706)
444,3,(657,0.65742),(636,0.916209),(979,1.07592)
445,3,(2,1.36205),(621,1.42177),(912,1.46337)
446,3,(438,1.0841),(804,1.08646),(551,1.09117)
447,3,(863,0.724425),(505,0.725925),(955,0.853897)
448,3,(29,0.360049),(261,0.872835),(627,0.959525)
449,3,(7,1.03818),(95,1.18002),(976,1.25233)
450,3,(31,1.38571),(590,1.46494),(978,1.61289)
451,3,(779,0.981286),(215,1.06909),(510,1.16093)
452,3,(103,0.447977),(680,0.480058),(937,0.649561)
453,3,(950,1.18437),(366,1.266),(254,1.41631)
454,3,(998,0.559732),(280,0.632368),(441,0.665867)
455,3,(900,0.690026),(442,0.903729),(567,1.05545)
456,3,(142,0.914222),(609,1.04418),(905,1.1947)
457,3,(587,0.0902679),(970,0.702825),(495,0.981289)
458,3,(960,1.21911),(397,1.2617),(228,1.27463)
459,3,(641,0.473319),(501,0.636105),(748,0.716193)
460,3,(225,0.350278),(53,0.668441),(509,0.953797)
461,3,(240,0.828742),(823,1.0409),(317,1.22911)
462,3,(261,0.869895),(567,0.887349),(900,1.07831)
463,3,(11,0.662517),(748,0.866192),(624,1.10402)
464,3,(494,0.635665),(575,0.851213),(642,0.951636)
465,3,(246,1.08686),(312,1.13583),(404,1.17181)
466,3,(561,1.56616),(5,1.83868),(738,1.87992)
467,3,(16,0.667451),(167,0.837392),(932,0.85551)
468,3,(896,1.26104),(788,1.39647),(20,1.60026)
469,3,(385,0.462867),(672,0.703706),(277,0.874977)
470,3,(881,0.691721),(655,0.791747),(254,0.939373)
471,3,(566,0.973367),(467,1.02433),(143,1.05819)
472,3,(574,0.547704),(886,0.643043),(505,0.683245)
473,3,(202,0.288311),(763,0.515688),(611,0.647198)
474,3,(792,1.34761),(934,1.41262),(639,1.4319)
475,3,(652,0.738049),(128,0.772641),(129,0.832533)
476,3,(368,0.702352),(747,0.924731),(342,1.05921)
477,3,(70,0.303013),(47,0.493179),(165,0.838162)
478,3,(329,0.651755),(231,0.684581),(695,0.774374)
479,3,(309,0.817972),(85,0.9073),(849,0.967279)
480,3,(185,1.14667),(891,1.32586),(657,1.45057)
481,3,(13,0.707744),(577,0.930183),(541,1.05537)
482,3,(501,0.494837),(554,0.596658),(365,0.622954)
483,3,(956,0.816803),(592,0.974727),(381,1.47117)
484,3,(390,0.695918),(270,1.08703),(578,1.10361)
485,3,(184,0.655349),(782,0.719233),(284,0.892424)
486,3,(98,0.892777),(886,0.996306),(441,1.05168)
487,3,(366,0.793871),(220,0.823597),(78,0.913)
488,3,(542,0.939417),(585,1.2136),(794,1.37221)
489,3,(123,0.865985),(291,1.02953),(583,1.32836)
490,3,(364,1.1927),(513,1.22857),(421,1.27309)
491,3,(277,0.650493),(985,0.804335),(961,0.889932)
492,3,(833,1.49617),(376,1.76019),(213,1.8091)
493,3,(197,0.14833),(386,0.653926),(818,0.953601)
494,3,(464,0.66503),(381,0.852549),(575,1.01293)
495,3,(587,0.94069),(457,0.972134),(23,1.39524)
496,3,(913,0.84858),(631,0.924698),(156,1.08807)
497,3,(584,1.04613),(142,1.19108),(989,1.53241)
498,3,(655,0.462421),(765,0.536252),(424,0.793186)
499,3,(234,0.254568),(733,0.604548),(971,0.727872)
500,3,(791,1.68216),(872,1.70007),(265,1.76238)
501,3,(482,0.490811),(365,0.561986),(641,0.637181)
502,3,(393,1.04746),(4,1.06741),(293,1.23046)
503,3,(988,0.907462),(9,1.09062),(487,1.12191)
504,3,(185,1.48681),(480,1.61588),(887,1.74015)
505,3,(832,0.514122),(571,0.518439),(927,0.558845)
506,3,(701,0.889145),(165,0.961713),(383,1.09488)
507,3,(568,0.736082),(727,0.97425),(719,0.993668)
508,3,(461,1.90667),(690,1.96987),(345,2.00989)
509,3,(695,0.301064),(359,0.400707),(878,0.422853)
510,3,(878,0.902507),(329,1.01097),(695,1.14405)
511,3,(723,0.43708),(202,0.589507),(128,0.675931)
512,3,(8,1.02627),(600,1.04286),(718,1.1633)
513,3,(169,0.67588),(366,0.76884),(753,1.04578)
514,3,(310,1.08398),(575,1.11229),(714,1.28105)
515,3,(874,1.19993),(995,1.3042),(609,1.35282)
516,3,(760,0.800932),(826,1.13149),(893,1.16124)
517,3,(530,1.19884),(23,1.50975),(157,1.51134)
518,3,(798,0.793653),(334,1.32136),(341,1.37241)
519,3,(959,0.770574),(859,0.862104),(435,0.954558)
520,3,(804,0.683329),(853,0.735518),(758,0.935822)
521,3,(542,1.17454),(372,1.26591),(853,1.34232)
522,3,(261,0.595948),(144,0.640091),(219,0.692808)
523,3,(243,1.01045),(5,1.19845),(335,1.45093)
524,3,(996,0.945913),(65,0.950254),(787,0.979787)
525,3,(330,0.919468),(266,1.2958),(709,1.50007)
526,3,(443,0.945739),(432,1.15105),(731,1.22846)
527,3,(547,0.8593),(325,0.875594),(332,0.937692)
528,3,(235,0.335589),(944,0.652214),(205,1.22748)
529,3,(102,0.731026),(897,0.736212),(997,0.811276)
530,3,(738,0.941483),(517,1.20417),(650,1.27562)
531,3,(705,1.61588),(640,1.6461),(569,1.65986)
532,3,(15,0.754546),(594,1.04937),(156,1.06266)
533,3,(998,0.733116),(101,0.760609),(280,0.907181)
534,3,(695,0.492518),(509,0.657153),(229,0.771194)
535,3,(270,0.428664),(358,1.0118),(626,1.019)
536,3,(11,1.49706),(386,1.64418),(698,1.6881)
537,3,(724,1.29916),(138,1.51725),(886,1.5604)
538,3,(885,1.00289),(309,1.1667),(635,1.17591)
539,3,(789,0.905414),(974,1.01604),(939,1.04787)
540,3,(983,0.938486),(252,0.964458),(563,1.16347)
541,3,(406,0.733601),(13,0.902749),(481,1.05704)
542,3,(124,0.841017),(134,0.89348),(488,0.916918)
543,3,(381,0.643529),(339,0.754458),(98,1.14539)
544,3,(710,1.1121),(276,1.25796),(345,1.30185)
545,3,(91,0.806423),(380,0.821271),(247,0.872404)
546,3,(930,0.595052),(369,1.46736),(587,1.50167)
547,3,(145,0.634633),(677,0.648718),(527,0.843301)
548,3,(242,1.21965),(20,1.22619),(896,1.55469)
549,3,(742,0.440771),(744,1.15916),(820,1.17737)
550,3,(903,1.51234),(880,1.75371),(305,1.77289)
551,3,(438,0.669579),(804,0.949562),(446,1.02844)
552,3,(992,1.31102),(151,1.55467),(792,1.98794)
553,3,(52,1.64168),(781,1.64535),(952,1.66716)
554,3,(482,0.5906),(87,0.809868),(384,0.932706)
555,3,(642,1.21135),(486,1.33872),(886,1.38471)
556,3,(693,0.677237),(563,0.794162),(80,0.853279)
557,3,(708,0.964575),(90,1.50566),(740,1.52749)
558,3,(190,1.26595),(453,1.77463),(871,2.04579)
559,3,(316,0.692204),(741,1.00823),(562,1.19207)
560,3,(621,1.20003),(985,1.20509),(33,1.21292)
561,3,(610,1.11757),(199,1.45171),(466,1.57577)
562,3,(316,1.17582),(559,1.23898),(549,1.25954)
563,3,(67,0.727757),(556,0.774381),(540,1.17708)
564,3,(396,1.46286),(706,1.63273),(88,1.63501)
565,3,(978,0.858548),(704,0.886913),(51,1.07371)
566,3,(471,0.967185),(121,0.972845),(467,1.42929)
567,3,(442,0.763429),(462,0.865372),(314,0.967071)
568,3,(507,0.720931),(727,1.01211),(750,1.05621)
569,3,(531,1.63475),(788,1.75243),(369,1.77845)
570,3,(143,0.902963),(2,0.995893),(859,1.00022)
571,3,(505,0.558279),(360,0.601934),(897,0.687)
572,3,(412,1.03149),(975,1.29595),(225,1.32401)
573,3,(734,0.537271),(105,0.666422),(297,0.888895)
574,3,(870,0.552524),(472,0.567806),(955,0.593933)
575,3,(642,0.579927),(709,0.76372),(714,0.834675)
576,3,(599,1.09653),(133,1.22487),(277,1.37452)
577,3,(522,0.853968),(436,0.880373),(13,0.916896)
578,3,(719,0.941003),(332,1.04466),(484,1.12983)
579,3,(170,0.902562),(447,1.16164),(321,1.24946)
580,3,(535,1.09667),(534,1.09687),(655,1.13451)
581,3,(766,0.92843),(812,1.28489),(621,1.38013)
582,3,(694,1.11386),(423,1.13438),(970,1.23628)
583,3,(123,0.638144),(359,0.741895),(172,0.745784)
584,3,(230,0.998862),(482,1.00251),(497,1.00258)
585,3,(355,0.608468),(34,0.911226),(682,0.978671)
586,3,(368,0.784598),(747,0.839233),(342,0.882279)
587,3,(457,0.0902679),(970,0.793093),(495,0.949844)
588,3,(365,0.632796),(189,0.726071),(602,0.856134)
589,3,(202,0.734989),(127,0.749244),(820,0.865597)
590,3,(760,0.992674),(14,1.06473),(398,1.13457)
591,3,(92,1.51171),(590,1.84168),(247,1.86969)
592,3,(483,0.993442),(876,0.997801),(776,1.13486)
593,3,(371,1.03194),(165,1.06436),(438,1.13353)
594,3,(635,0.630708),(83,0.948991),(15,1.00798)
595,3,(632,1.13452),(744,1.38578),(606,1.40476)
596,3,(540,1.53125),(919,1.60817),(983,1.66217)
597,3,(505,0.740565),(870,0.75403),(360,0.773832)
598,3,(190,1.25348),(213,1.8502),(769,1.88799)
599,3,(985,0.551137),(622,0.593958),(277,1.03915)
600,3,(364,0.963623),(512,1.0537),(391,1.36902)
601,3,(541,1.13943),(13,1.19552),(448,1.23663)
602,3,(340,0.518822),(128,0.679179),(652,0.734255)
603,3,(712,0.892566),(960,1.4319),(562,1.46785)
604,3,(878,0.635214),(862,0.643881),(975,0.780159)
605,3,(932,0.654367),(340,0.816767),(784,0.860112)
606,3,(744,0.0189832),(316,1.07613),(549,1.17332)
607,3,(643,1.45753),(282,1.63365),(225,1.83708)
608,3,(529,1.26264),(960,1.27906),(102,1.40361)
609,3,(680,0.660642),(905,0.664064),(384,0.779494)
610,3,(561,1.11581),(151,1.28973),(755,1.29131)
611,3,(763,0.594197),(574,0.745257),(473,0.75451)
612,3,(151,1.54475),(972,1.70468),(791,1.71739)
613,3,(51,0.810544),(241,0.901917),(867,0.94842)
614,3,(476,1.65733),(586,1.83861),(368,1.99974)
615,3,(172,0.474277),(246,0.4888),(874,0.924132)
616,3,(64,1.27991),(916,1.82876),(888,2.02877)
617,3,(678,1.41563),(8,1.42404),(288,1.56733)
618,3,(457,1.10399),(970,1.10443),(587,1.11023)
619,3,(156,0.933538),(594,1.02529),(15,1.11726)
620,3,(282,0.503456),(359,1.00408),(583,1.01947)
621,3,(691,0.969398),(196,0.98316),(159,0.995131)
622,3,(599,0.580887),(319,0.861441),(244,0.865654)
623,3,(306,1.23589),(943,1.35607),(41,1.38943)
624,3,(945,0.693476),(501,0.720624),(365,0.734806)
625,3,(76,0.718211),(839,1.19414),(679,1.31347)
626,3,(837,0.629296),(743,0.667105),(270,0.698181)
627,3,(39,0.388912),(249,0.609795),(448,0.960352)
628,3,(741,1.05215),(980,1.20323),(314,1.27826)
629,3,(267,0.450576),(438,0.934092),(371,0.9579)
630,3,(817,0.85027),(431,0.883199),(761,1.13283)
631,3,(767,0.697347),(15,0.832432),(913,0.867619)
632,3,(316,0.999364),(595,1.06238),(836,1.1046)
633,3,(966,0.663881),(168,0.776393),(422,0.801825)
634,3,(469,1.35299),(364,1.35929),(798,1.3782)
635,3,(594,0.621988),(309,0.861711),(505,0.942271)
636,3,(845,0.456954),(444,0.909294),(979,1.08678)
637,3,(837,0.82958),(626,0.856694),(966,0.856989)
638,3,(135,1.06332),(673,1.47851),(950,1.55849)
639,3,(266,1.16772),(93,1.34254),(328,1.405)
640,3,(823,1.47295),(287,1.51586),(984,1.54613)
641,3,(459,0.501031),(501,0.619095),(365,0.70749)
642,3,(575,0.616147),(98,0.776085),(824,0.986871)
643,3,(225,0.825845),(391,0.892702),(460,0.978211)
644,3,(427,0.525344),(186,0.652981),(655,0.682347)
645,3,(873,0.849294),(129,1.03649),(126,1.13621)
646,3,(267,1.34338),(629,1.43192),(371,1.55736)
647,3,(659,1.19774),(182,1.67364),(219,1.79338)
648,3,(391,0.903007),(674,0.953281),(166,0.971174)
649,3,(444,1.51155),(657,1.55308),(610,1.60322)
650,3,(657,0.955196),(924,1.14841),(738,1.18744)
651,3,(379,1.41195),(789,1.505),(539,1.68681)
652,3,(128,0.335644),(340,0.436852),(127,0.714356)
653,3,(511,1.23599),(501,1.29592),(365,1.30403)
654,3,(159,1.9297),(263,1.97473),(871,1.99436)
655,3,(498,0.457046),(765,0.598652),(644,0.67866)
656,3,(747,0.584079),(368,0.730587),(342,1.12632)
657,3,(185,0.575121),(444,0.676551),(405,0.902624)
658,3,(922,1.18422),(743,1.19209),(82,1.22132)
659,3,(987,1.016),(810,1.13703),(647,1.19506)
660,3,(981,1.15422),(108,1.39711),(57,1.49039)
661,3,(250,0.929677),(533,0.948621),(309,1.02403)
662,3,(324,0.484822),(415,0.594773),(338,0.60952)
663,3,(282,0.60802),(424,0.875562),(257,0.97263)
664,3,(35,1.0609),(602,1.21786),(465,1.26594)
665,3,(220,1.07401),(503,1.29823),(868,1.39919)
666,3,(413,1.55985),(699,1.59503),(427,1.60351)
667,3,(193,1.42854),(183,1.46514),(722,1.64014)
668,3,(983,1.66532),(71,1.85792),(596,1.92895)
669,3,(304,1.31785),(590,1.46973),(824,1.47405)
670,3,(99,0.840323),(892,0.924683),(677,0.939577)
671,3,(765,0.682332),(254,0.932583),(470,1.01263)
672,3,(385,0.526069),(469,0.685017),(985,0.91923)
673,3,(135,1.2907),(638,1.48624),(366,1.52479)
674,3,(793,0.566592),(166,0.696372),(648,0.94876)
675,3,(864,1.15684),(831,1.19502),(303,1.47079)
676,3,(280,0.977827),(677,1.03969),(65,1.19324)
677,3,(547,0.63482),(889,0.822229),(454,0.827053)
678,3,(2,0.917043),(707,1.30677),(888,1.40851)
679,3,(850,0.675989),(290,0.988815),(262,1.12866)
680,3,(452,0.486633),(609,0.663892),(103,0.781907)
681,3,(698,1.26373),(252,1.27138),(301,1.52848)
682,3,(378,0.682325),(355,0.822976),(948,0.891026)
683,3,(223,0.495992),(424,0.926691),(842,1.05498)
684,3,(521,1.42141),(853,1.76823),(671,1.87844)
685,3,(855,1.71116),(240,1.8596),(461,1.91818)
686,3,(830,0.868441),(6,1.32403),(815,1.88682)
687,3,(136,0.863492),(719,0.872705),(895,0.877302)
688,3,(960,0.650201),(102,1.21156),(584,1.21996)
689,3,(998,0.958275),(787,0.969158),(454,1.07139)
690,3,(317,1.45499),(694,1.52353),(22,1.57277)
691,3,(621,0.986765),(986,1.06462),(196,1.11155)
692,3,(859,0.682459),(435,0.691697),(723,0.728615)
693,3,(80,0.528148),(406,0.641625),(556,0.698116)
694,3,(970,1.09428),(582,1.11065),(23,1.34433)
695,3,(509,0.291253),(878,0.370391),(229,0.438803)
696,3,(105,0.866095),(232,0.931209),(487,0.98124)
697,3,(174,0.976733),(40,1.31731),(575,1.34059)
698,3,(252,1.0919),(674,1.15246),(395,1.23572)
699,3,(186,0.197573),(427,0.397688),(239,0.486321)
700,3,(441,0.683294),(112,0.969891),(101,0.991362)
701,3,(383,0.582489),(506,0.864997),(83,0.942448)
702,3,(45,0.757537),(294,1.29353),(76,1.32358)
703,3,(718,1.01038),(19,1.21168),(968,1.31763)
704,3,(978,0.791168),(565,0.876667),(238,1.07341)
705,3,(193,0.85914),(417,0.955401),(501,1.48703)
706,3,(232,1.06635),(899,1.18732),(866,1.30229)
707,3,(841,1.07152),(108,1.1132),(570,1.15189)
708,3,(557,0.959865),(740,1.04322),(354,1.38982)
709,3,(411,0.608324),(309,0.669674),(40,0.670636)
710,3,(276,1.03222),(906,1.06033),(544,1.09588)
711,3,(895,0.573149),(804,0.945448),(82,1.09369)
712,3,(603,0.870257),(870,1.29052),(756,1.34801)
713,3,(929,0.727853),(47,0.772197),(743,0.805572)
714,3,(347,0.759023),(575,0.839275),(824,0.855653)
715,3,(379,1.26644),(333,1.34526),(707,1.44381)
716,3,(880,1.3166),(761,1.379),(852,1.44067)
717,3,(20,0.899418),(788,1.04686),(416,1.09716)
718,3,(858,0.814165),(509,0.908946),(703,1.01648)
719,3,(300,0.878402),(687,0.881096),(578,0.925969)
720,3,(559,1.39841),(190,1.45898),(213,1.66498)
721,3,(226,1.42305),(129,1.44343),(354,1.53233)
722,3,(667,1.60677),(183,2.25177),(784,2.4412)
723,3,(511,0.426607),(202,0.545757),(167,0.733477)
724,3,(138,0.218093),(976,1.26694),(537,1.26725)
725,3,(83,0.906515),(123,0.960521),(583,1.20018)
726,3,(727,1.33598),(793,1.50474),(599,1.51104)
727,3,(507,0.973082),(277,1.02558),(568,1.02609)
728,3,(597,0.893985),(762,0.97461),(870,1.07727)
729,3,(63,1.28856),(789,1.39146),(688,1.71483)
730,3,(902,0.88672),(438,1.1782),(251,1.58288)
731,3,(406,0.858896),(52,0.996683),(693,0.997742)
732,3,(906,1.11164),(502,1.43004),(22,1.45118)
733,3,(499,0.608197),(234,0.816903),(127,0.867666)
734,3,(573,0.514409),(105,0.675878),(866,0.711758)
735,3,(528,1.38439),(944,1.39928),(276,1.48545)
736,3,(51,1.76074),(253,2.03969),(146,2.04214)
737,3,(292,1.14389),(44,1.36883),(426,1.58493)
738,3,(530,0.930611),(924,1.02844),(43,1.08586)
739,3,(3,1.84995),(972,1.92418),(423,1.97404)
740,3,(708,1.05132),(597,1.44504),(557,1.55793)
741,3,(559,0.999599),(628,1.0609),(314,1.22312)
742,3,(549,0.447656),(744,1.16951),(709,1.17029)
743,3,(82,0.562416),(995,0.651936),(626,0.660678)
744,3,(606,0.0189832),(316,1.08609),(549,1.15433)
745,3,(813,1.1352),(543,1.43478),(883,1.63862)
746,3,(87,1.20092),(126,1.29579),(554,1.33519)
747,3,(368,0.307566),(656,0.567776),(15,0.624114)
748,3,(459,0.777778),(463,0.86386),(641,0.90229)
749,3,(166,1.11249),(297,1.23198),(362,1.23832)
750,3,(225,0.708351),(194,0.771441),(53,0.837129)
751,3,(177,0.874314),(61,1.21173),(519,1.4418)
752,3,(144,0.944779),(919,1.05369),(747,1.1605)
753,3,(370,0.658837),(156,0.77795),(15,0.84934)
754,3,(427,0.495169),(699,0.748184),(239,0.856731)
755,3,(801,1.19633),(610,1.27968),(934,1.5271)
756,3,(776,0.741208),(960,1.04125),(381,1.08313)
757,3,(944,1.8794),(872,2.0214),(235,2.20539)
758,3,(281,0.857432),(520,0.911753),(853,0.980694)
759,3,(391,0.629665),(249,0.726316),(291,1.01355)
760,3,(826,0.35928),(126,0.614872),(304,0.695848)
761,3,(630,1.11716),(327,1.15724),(817,1.24253)
762,3,(986,0.62547),(927,0.842681),(714,0.842899)
763,3,(473,0.517883),(40,0.56593),(202,0.62621)
764,3,(34,0.882623),(355,1.00234),(585,1.04799)
765,3,(498,0.539913),(655,0.600567),(671,0.699192)
766,3,(812,0.732436),(581,0.930404),(29,1.34229)
767,3,(631,0.674498),(313,0.868426),(15,1.06963)
768,3,(297,0.510864),(105,0.895722),(351,0.967131)
769,3,(827,1.14407),(803,1.26542),(263,1.35509)
770,3,(545,1.10735),(487,1.22398),(988,1.23323)
771,3,(913,0.833365),(993,1.02074),(631,1.06517)
772,3,(149,1.21002),(398,1.40185),(10,1.53638)
773,3,(868,1.26266),(353,1.27471),(259,1.28476)
774,3,(17,0.621575),(892,0.659388),(957,0.796935)
775,3,(264,1.45378),(188,1.74485),(847,2.06046)
776,3,(756,0.741125),(505,0.802583),(360,0.835647)
777,3,(889,0.375825),(765,0.821999),(677,0.848222)
778,3,(189,0.948918),(588,1.03005),(499,1.03667)
779,3,(861,0.844556),(215,0.950528),(451,0.970222)
780,3,(220,1.00105),(78,1.30919),(635,1.40255)
781,3,(149,1.23442),(621,1.40697),(560,1.43464)
782,3,(184,0.508347),(284,0.678252),(485,0.704458)
783,3,(448,1.3565),(261,1.41642),(980,1.41862)
784,3,(356,0.621501),(932,0.866187),(605,0.871337)
785,3,(318,1.21704),(834,1.49871),(817,1.66774)
786,3,(420,0.495728),(324,0.528421),(422,0.697086)
787,3,(7,0.471043),(47,0.577762),(743,0.804439)
788,3,(407,0.865704),(717,1.04192),(934,1.1204)
789,3,(939,0.453465),(539,0.922838),(974,1.16938)
790,3,(132,0.697961),(994,1.48829),(826,1.63102)
791,3,(43,1.0047),(317,1.28746),(924,1.29054)
792,3,(20,1.16661),(940,1.19258),(161,1.23589)
793,3,(674,0.553112),(166,0.903038),(493,0.998122)
794,3,(397,1.24384),(488,1.37158),(960,1.39134)
795,3,(743,0.945449),(682,0.982803),(764,1.05695)
796,3,(866,0.651217),(351,0.743433),(798,0.816968)
797,3,(502,1.58462),(22,1.70615),(4,1.8024)
798,3,(518,0.79056),(796,0.818509),(373,0.979645)
799,3,(17,0.822827),(929,0.899912),(165,0.937753)
800,3,(420,0.831726),(786,0.884487),(662,0.974337)
801,3,(755,1.13215),(979,1.20142),(542,1.63142)
802,3,(766,1.38843),(289,1.44717),(62,1.53938)
803,3,(320,0.487024),(119,0.687146),(394,1.0531)
804,3,(150,0.419657),(17,0.581819),(520,0.667438)
805,3,(910,0.952142),(237,1.18745),(48,1.28263)
806,3,(952,0.780969),(80,1.20016),(108,1.27752)
807,3,(408,1.07183),(40,1.11459),(811,1.17836)
808,3,(247,0.945283),(260,1.24659),(17,1.32465)
809,3,(916,1.95963),(8,2.15404),(616,2.17947)
810,3,(659,1.10563),(980,1.41832),(11,1.56183)
811,3,(435,0.657927),(692,0.752392),(965,0.761199)
812,3,(766,0.727837),(29,1.04412),(40,1.14062)
813,3,(894,1.09787),(745,1.14471),(839,1.30844)
814,3,(85,1.05415),(262,1.163),(849,1.20417)
815,3,(830,1.15867),(192,1.17491),(5,1.37174)
816,3,(8,1.09305),(981,1.26),(108,1.43104)
817,3,(630,0.799251),(301,0.931576),(9,1.1219)
818,3,(197,0.841706),(961,0.925301),(493,0.963531)
819,3,(900,1.70889),(432,1.97962),(442,1.98465)
820,3,(763,0.65874),(40,0.684489),(202,0.7287)
821,3,(244,0.585682),(404,0.683928),(390,0.701202)
822,3,(53,0.682416),(153,0.858705),(452,0.877638)
823,3,(369,0.994534),(461,1.04314),(984,1.19694)
824,3,(180,0.549071),(14,0.6806),(760,0.821328)
825,3,(244,1.10962),(434,1.13419),(622,1.22571)
826,3,(760,0.359337),(126,0.687448),(304,0.890201)
827,3,(769,1.13416),(803,1.43337),(263,1.47851)
828,3,(107,1.57519),(855,1.8638),(416,1.97258)
829,3,(458,1.28442),(311,1.29245),(199,1.55137)
830,3,(686,0.864745),(815,1.1562),(192,1.40764)
831,3,(224,1.11003),(675,1.19889),(717,1.21405)
832,3,(505,0.513404),(611,0.670447),(571,0.860062)
833,3,(376,1.27393),(492,1.52955),(213,1.82163)
834,3,(913,0.573694),(318,0.818541),(846,0.992172)
835,3,(377,0.983951),(313,0.997636),(937,1.08897)
836,3,(632,1.05464),(926,1.08177),(90,1.32716)
837,3,(626,0.636369),(229,0.802399),(387,0.819609)
838,3,(276,1.55473),(351,1.56085),(373,1.83189)
839,3,(14,0.62342),(180,0.841747),(76,1.02103)
840,3,(655,0.905908),(498,0.921544),(257,0.987651)
841,3,(329,0.877297),(994,0.887707),(920,0.951796)
842,3,(223,0.723624),(821,1.01718),(683,1.0277)
843,3,(145,0.640692),(65,0.69168),(996,0.988575)
844,3,(283,1.05753),(27,1.31086),(441,1.40062)
845,3,(636,0.435434),(979,0.963143),(66,1.31058)
846,3,(362,0.9601),(834,0.989471),(455,1.12982)
847,3,(327,1.39316),(232,1.44304),(696,1.51834)
848,3,(856,0.564901),(862,0.666074),(509,0.720282)
849,3,(85,0.27851),(850,0.793148),(479,0.976333)
850,3,(679,0.69363),(290,0.7207),(849,0.770882)
851,3,(893,1.41111),(126,1.44637),(516,1.79866)
852,3,(17,0.77961),(372,0.858696),(150,0.891084)
853,3,(520,0.740015),(892,0.887633),(758,0.997318)
854,3,(171,0.921617),(335,1.36608),(192,1.38015)
855,3,(416,1.14347),(672,1.72169),(685,1.73823)
856,3,(848,0.55479),(843,0.936188),(534,1.01052)
857,3,(743,0.724879),(82,0.896563),(995,1.02896)
858,3,(718,0.811311),(921,0.998236),(862,1.03091)
859,3,(692,0.711471),(959,0.753977),(435,0.792849)
860,3,(942,1.43929),(276,1.44688),(315,1.47139)
861,3,(779,0.841823),(257,0.867254),(535,1.01677)
862,3,(509,0.465005),(695,0.522818),(404,0.66371)
863,3,(897,0.733861),(447,0.745114),(571,0.752333)
864,3,(303,1.17259),(675,1.2064),(831,1.51707)
865,3,(123,0.666148),(194,0.799784),(364,0.992408)
866,3,(796,0.636521),(734,0.732069),(421,0.774618)
867,3,(935,0.419777),(501,0.724826),(365,0.806876)
868,3,(366,0.962242),(487,1.14018),(395,1.23253)
869,3,(672,0.969833),(964,1.09441),(484,1.18941)
870,3,(574,0.546718),(360,0.627922),(505,0.629265)
871,3,(212,1.12398),(969,1.28473),(880,1.2972)
872,3,(265,1.23118),(157,1.59655),(23,1.60815)
873,3,(645,0.833778),(126,1.14176),(826,1.15187)
874,3,(172,0.814724),(384,0.889423),(168,0.903543)
875,3,(710,1.16731),(317,1.16801),(984,1.25149)
876,3,(883,0.965406),(592,0.979393),(251,1.12111)
877,3,(458,1.76855),(559,1.93692),(562,2.04562)
878,3,(329,0.31223),(695,0.377433),(231,0.385534)
879,3,(811,1.13857),(11,1.22561),(859,1.25253)
880,3,(852,1.15947),(568,1.17671),(254,1.21024)
881,3,(470,0.695859),(225,1.04836),(454,1.05834)
882,3,(734,1.24079),(573,1.24585),(696,1.39957)
883,3,(402,0.782811),(267,0.928095),(170,0.957405)
884,3,(260,0.940398),(892,0.989806),(46,1.0535)
885,3,(200,0.916983),(538,0.987765),(173,1.08258)
886,3,(472,0.643043),(486,0.914858),(447,0.920497)
887,3,(350,1.03668),(788,1.62067),(405,1.64908)
888,3,(64,0.719388),(296,1.12536),(707,1.21784)
889,3,(777,0.386051),(677,0.834682),(267,0.847799)
890,3,(100,2.16901),(792,2.36817),(468,2.42907)
891,3,(480,1.36061),(185,1.71312),(845,1.82286)
892,3,(150,0.595361),(774,0.661978),(804,0.725408)
893,3,(516,1.16527),(824,1.31789),(760,1.32593)
894,3,(1000,0.912045),(372,1.01385),(813,1.09152)
895,3,(711,0.562055),(428,0.66223),(804,0.71577)
896,3,(20,0.979494),(468,1.24305),(792,1.50336)
897,3,(505,0.678888),(571,0.687462),(863,0.735672)
898,3,(210,1.09675),(484,1.24016),(568,1.45623)
899,3,(768,1.07689),(706,1.15688),(866,1.22334)
900,3,(442,0.616754),(455,0.677343),(144,1.03374)
901,3,(15,1.5267),(868,1.55334),(669,1.63387)
902,3,(730,0.903341),(438,1.49897),(871,1.62779)
903,3,(880,1.41522),(882,1.41922),(716,1.51714)
904,3,(387,0.750054),(626,0.766886),(359,0.991555)
905,3,(246,0.617178),(609,0.660481),(695,0.882018)
906,3,(710,1.07704),(732,1.11002),(875,1.42179)
907,3,(455,1.65514),(261,1.72829),(908,1.73382)
908,3,(846,1.22131),(108,1.26154),(144,1.2663)
909,3,(252,1.12796),(81,1.16178),(349,1.39128)
910,3,(110,0.641127),(805,0.89992),(425,0.994269)
911,3,(70,1.17195),(65,1.18141),(274,1.25259)
912,3,(313,1.0049),(389,1.13412),(767,1.16035)
913,3,(834,0.576137),(771,0.83003),(496,0.843711)
914,3,(166,0.928819),(648,1.04207),(110,1.1227)
915,3,(920,0.891354),(354,1.10018),(146,1.14633)
916,3,(64,1.57159),(616,1.89042),(809,2.02715)
917,3,(276,0.433195),(211,1.35003),(710,1.46566)
918,3,(164,1.58349),(269,2.08381),(780,2.37766)
919,3,(177,0.871329),(406,1.06868),(752,1.07782)
920,3,(841,0.922703),(915,0.931741),(652,1.05057)
921,3,(239,0.707513),(699,0.707965),(186,0.760825)
922,3,(658,1.17763),(451,1.2601),(510,1.26569)
923,3,(156,0.823241),(897,0.851934),(505,0.921792)
924,3,(738,1.03008),(650,1.1634),(330,1.21659)
925,3,(751,1.58706),(177,1.66696),(217,1.85157)
926,3,(836,1.1137),(632,1.21733),(664,1.61247)
927,3,(505,0.56201),(870,0.771706),(571,0.829214)
928,3,(206,1.32751),(815,1.83814),(561,2.07371)
929,3,(47,0.520456),(713,0.73054),(7,0.833967)
930,3,(546,0.623632),(417,1.1177),(183,1.258)
931,3,(365,1.0416),(482,1.16297),(501,1.18756)
932,3,(605,0.663063),(340,0.781567),(467,0.847374)
933,3,(244,0.665491),(821,0.811883),(622,0.972359)
934,3,(407,0.413361),(788,1.12403),(804,1.22208)
935,3,(867,0.424835),(189,0.768743),(602,0.903634)
936,3,(308,1.37516),(704,1.46721),(77,1.56314)
937,3,(103,0.350603),(452,0.631363),(53,0.710412)
938,3,(897,0.979354),(932,1.06389),(40,1.08701)
939,3,(789,0.427591),(974,0.933025),(539,1.03942)
940,3,(792,1.19005),(407,1.24659),(934,1.53451)
941,3,(3,1.69217),(991,1.75924),(792,1.76225)
942,3,(414,1.23798),(489,1.39886),(265,1.44229)
943,3,(41,0.612877),(626,0.860647),(695,0.973521)
944,3,(235,0.325988),(528,0.657066),(205,1.24634)
945,3,(624,0.681288),(501,1.1306),(588,1.19513)
946,3,(987,1.45468),(659,1.49434),(131,1.80077)
947,3,(854,1.54538),(192,1.6416),(830,1.65708)
948,3,(682,0.907136),(441,0.94912),(585,0.999865)
949,3,(705,1.53238),(639,1.58038),(675,1.61576)
950,3,(254,0.754102),(203,0.93841),(372,1.02438)
951,3,(423,1.76367),(480,1.84199),(618,1.90609)
952,3,(806,0.815662),(175,0.966757),(80,1.27623)
953,3,(923,1.16155),(771,1.16289),(913,1.19309)
954,3,(358,0.823863),(604,0.896345),(114,1.25289)
955,3,(574,0.597606),(447,0.851485),(472,0.863853)
956,3,(483,0.814908),(178,1.10483),(839,1.2692)
957,3,(17,0.748944),(774,0.780917),(150,0.967561)
958,3,(769,1.41402),(770,1.48855),(714,1.52262)
959,3,(859,0.757852),(519,0.779741),(143,0.817531)
960,3,(688,0.640011),(98,0.908529),(155,0.909056)
961,3,(194,0.72637),(491,0.894804),(818,0.920724)
962,3,(320,1.09521),(318,1.21914),(532,1.28501)
963,3,(648,0.986019),(643,1.11042),(225,1.15839)
964,3,(270,0.948885),(41,1.02035),(719,1.02399)
965,3,(11,0.630652),(482,0.756057),(811,0.805988)
966,3,(633,0.66454),(42,0.794793),(637,0.862233)
967,3,(687,1.0095),(36,1.02454),(719,1.0256)
968,3,(703,1.31023),(122,1.34953),(718,1.38661)
969,3,(307,0.966551),(734,1.01386),(573,1.01809)
970,3,(457,0.693946),(587,0.784214),(694,1.09082)
971,3,(234,0.546532),(128,0.683223),(499,0.757053)
972,3,(43,1.34903),(791,1.70631),(612,1.73143)
973,3,(476,1.43291),(747,1.65017),(656,1.72061)
974,3,(939,0.959501),(539,1.0447),(789,1.16998)
975,3,(346,0.57279),(509,0.783806),(427,0.787849)
976,3,(7,1.2201),(449,1.25198),(724,1.26023)
977,3,(448,1.13886),(724,1.3593),(988,1.41736)
978,3,(704,0.76452),(786,0.798879),(565,0.844921)
979,3,(845,0.978609),(636,1.09136),(224,1.11611)
980,3,(628,1.18669),(144,1.31462),(915,1.41801)
981,3,(108,1.13314),(660,1.16058),(816,1.2679)
982,3,(460,1.41464),(643,1.49667),(512,1.50961)
983,3,(540,0.951745),(419,1.16407),(13,1.39644)
984,3,(823,1.21898),(875,1.24228),(461,1.26945)
985,3,(599,0.560195),(277,0.74197),(491,0.792794)
986,3,(762,0.622516),(826,0.908742),(760,0.926644)
987,3,(659,1.02711),(946,1.45548),(181,1.55556)
988,3,(220,0.813007),(503,0.895268),(487,0.9436)
989,3,(467,0.99499),(920,1.16366),(19,1.22392)
990,3,(475,0.860041),(129,0.924544),(967,1.01066)
991,3,(211,1.68632),(528,1.7032),(944,1.72135)
992,3,(444,1.23344),(552,1.32711),(657,1.6514)
993,3,(771,1.01246),(496,1.18505),(913,1.31319)
994,3,(77,0.591821),(339,0.867726),(841,0.894266)
995,3,(743,0.660772),(82,0.747696),(163,0.853147)
996,3,(299,0.777569),(366,0.946774),(83,0.947178)
997,3,(529,0.821439),(863,0.916694),(262,0.929949)
998,3,(441,0.560462),(454,0.561492),(533,0.72217)
999,3,(102,0.880307),(529,0.91178),(195,0.916998)
1000,3,(894,0.920798),(24,1.00549),(99,1.29851)
