0,8,(185,1.3333333333333333),(149,1.4666666666666666),(156,1.6666666666666665),(150,1.9466666666666665),(11,2.1199999999999997),(177,2.1999999999999997),(146,2.2066666666666666),(96,2.2666666666666666)
1,8,(165,2.96),(10,3.8266666666666667),(13,4.0266666666666664),(63,4.1200000000000001),(151,4.253333333333333),(233,4.3600000000000003),(323,4.3866666666666667),(93,4.4533333333333331)
2,8,(144,2.4666666666666663),(170,2.9199999999999999),(326,2.9799999999999995),(157,3.0800000000000001),(327,3.3066666666666666),(169,3.3866666666666667),(145,3.52),(174,3.52)
3,8,(175,1.7999999999999998),(189,2.8933333333333335),(171,3.2000000000000002),(193,3.2933333333333334),(247,3.2933333333333334),(194,3.4000000000000004),(176,3.4266666666666667),(276,3.6266666666666669)
4,8,(216,2.7333333333333334),(212,2.8933333333333331),(213,3.5333333333333341),(215,3.5733333333333333),(170,3.6666666666666665),(111,3.6933333333333334),(217,3.706666666666667),(290,3.9066666666666672)
5,8,(197,2.2866666666666666),(137,2.3866666666666667),(199,2.54),(198,2.6066666666666665),(148,2.8133333333333335),(125,2.9066666666666672),(195,3.0866666666666669),(70,3.0933333333333333)
6,8,(295,1.1333333333333333),(354,1.5066666666666668),(222,1.6666666666666665),(200,1.9999999999999998),(341,2),(128,2.0133333333333332),(227,2.0133333333333332),(353,2.0266666666666664)
7,8,(217,2.5333333333333332),(250,3.2266666666666666),(290,3.3999999999999999),(216,3.4266666666666667),(213,3.6933333333333334),(214,4.0533333333333337),(169,4.1333333333333329),(108,4.1733333333333338)
8,8,(279,0.70666666666666667),(168,1.0266666666666666),(259,1.3333333333333333),(281,1.3999999999999999),(9,1.4399999999999999),(148,1.4399999999999999),(321,1.4666666666666666),(303,1.4933333333333332)
9,8,(219,1.0666666666666667),(308,1.24),(279,1.2666666666666666),(148,1.3333333333333333),(281,1.3733333333333333),(303,1.3866666666666665),(8,1.4399999999999999),(259,1.4399999999999999)
10,8,(63,0.29333333333333333),(39,2.6799999999999997),(272,2.7999999999999998),(205,3.1333333333333333),(1,3.8266666666666667),(206,4),(209,4.0933333333333337),(105,4.253333333333333)
11,8,(186,1.3599999999999999),(185,1.4533333333333331),(177,1.9199999999999999),(0,2.1199999999999997),(150,2.1733333333333329),(195,2.1799999999999997),(64,2.1999999999999997),(164,2.3466666666666662)
12,8,(75,1.7066666666666666),(64,2.1866666666666665),(164,2.3599999999999999),(16,2.4399999999999995),(158,2.4799999999999995),(96,2.5066666666666664),(149,2.6399999999999997),(186,2.7066666666666666)
13,8,(323,3.0266666666666668),(61,3.7333333333333334),(39,3.813333333333333),(340,3.9733333333333332),(1,4.0266666666666664),(33,4.0583783783783787),(283,4.1600000000000001),(52,4.4133333333333331)
14,8,(65,2.3999999999999999),(191,3.0266666666666664),(312,3.1866666666666665),(108,3.2800000000000002),(302,3.5333333333333337),(300,3.8666666666666667),(327,3.8800000000000003),(314,4.1066666666666674)
15,8,(67,0.25333333333333335),(106,1.5999999999999999),(89,1.7866666666666666),(8,2.2399999999999998),(41,2.293333333333333),(129,2.3199999999999998),(279,2.4666666666666668),(331,2.5733333333333333)
16,8,(64,1.7466666666666666),(158,2.04),(75,2.0666666666666664),(35,2.0728888888888886),(79,2.3733333333333331),(116,2.3733333333333335),(31,2.4333333333333331),(12,2.4399999999999995)
17,8,(194,2.7066666666666666),(244,3.3999999999999999),(66,3.6933333333333338),(193,3.9333333333333331),(365,4.04),(245,4.1466666666666665),(274,4.3200000000000003),(340,4.3999999999999995)
18,8,(312,2.7066666666666666),(314,3.7866666666666671),(300,4.0266666666666664),(364,4.0266666666666664),(315,4.0400000000000009),(339,4.206666666666667),(127,4.2800000000000002),(111,4.3999999999999995)
19,9,(227,2.3599999999999999),(92,2.5066666666666664),(262,2.5955555555555554),(222,2.6799999999999997),(264,2.9288888888888889),(265,2.9288888888888889),(147,2.9666666666666668),(6,3.0133333333333332),(341,3.0133333333333332)
20,8,(26,4.0266666666666664),(47,4.0533333333333337),(268,5.0000000000000009),(126,5.3333333333333321),(60,5.6666666666666652),(99,5.7333333333333316),(225,5.7599999999999998),(266,6.0266666666666655)
21,8,(277,3.3466666666666667),(181,3.3999999999999999),(197,3.5133333333333332),(83,3.8799999999999999),(281,3.9866666666666664),(75,4.0133333333333336),(159,4.0533333333333328),(259,4.0533333333333328)
22,8,(262,3.0711111111111111),(62,3.1200000000000001),(202,3.1333333333333333),(92,3.1600000000000001),(6,3.3200000000000003),(265,3.4044444444444446),(73,3.413333333333334),(226,3.4266666666666667)
23,8,(314,3.4933333333333336),(326,3.5933333333333337),(252,3.6066666666666665),(363,3.8800000000000003),(339,3.9266666666666667),(94,3.9600000000000004),(29,4.0800000000000001),(315,4.0933333333333337)
24,8,(296,1.7066666666666666),(342,1.7066666666666666),(334,1.8799999999999999),(6,2.0533333333333332),(354,2.1199999999999997),(338,2.1333333333333333),(333,2.3533333333333331),(222,2.3866666666666663)
25,8,(317,2.5199999999999996),(291,3.1200000000000001),(305,3.4533333333333331),(247,3.7199999999999998),(320,3.7466666666666666),(61,3.7600000000000007),(52,3.773333333333333),(309,3.8000000000000003)
26,8,(268,3.6933333333333338),(20,4.0266666666666664),(347,4.1600000000000001),(266,4.6666666666666661),(47,4.6933333333333325),(163,4.9999999999999991),(99,5.0399999999999991),(122,5.0399999999999991)
27,8,(92,2.5066666666666664),(222,2.6799999999999997),(265,2.9288888888888889),(299,3.1333333333333333),(19,3.3333333333333335),(115,3.3466666666666662),(296,3.3600000000000003),(202,3.4666666666666668)
28,8,(75,3.2400000000000002),(261,3.4266666666666667),(81,3.4933333333333341),(116,3.5466666666666669),(177,3.7066666666666666),(83,3.7733333333333334),(96,3.7733333333333334),(187,3.7866666666666666)
29,8,(144,2.1866666666666665),(327,2.6799999999999997),(326,3.3400000000000003),(87,3.3600000000000008),(94,3.3733333333333335),(114,3.3733333333333335),(314,3.5733333333333333),(190,3.666666666666667)
30,8,(243,3.0000000000000004),(335,3.0800000000000001),(276,3.0933333333333333),(247,3.1600000000000001),(275,3.1866666666666665),(350,3.3333333333333335),(358,3.3466666666666662),(52,3.4533333333333331)
31,8,(16,2.4333333333333331),(164,2.9666666666666663),(75,3.0333333333333332),(91,3.1066666666666665),(100,3.1333333333333329),(195,3.1600000000000001),(35,3.1728888888888891),(186,3.2866666666666666)
32,8,(352,4.2800000000000002),(355,4.3599999999999994),(123,4.3866666666666667),(110,4.7599999999999998),(93,4.7733333333333325),(88,5.4933333333333332),(317,5.5066666666666659),(208,5.6799999999999997)
33,8,(61,2.3416216216216212),(233,3.6082882882882878),(13,4.0583783783783787),(153,4.1682882882882879),(165,4.2082882882882879),(205,4.2082882882882879),(323,4.3016216216216216),(52,4.3549549549549553)
34,8,(129,1.9236111111111109),(51,2.3369444444444443),(160,2.3369444444444447),(8,2.5102777777777776),(95,2.5636111111111113),(256,2.6702777777777778),(89,2.723611111111111),(279,2.8630555555555555)
35,8,(16,2.0728888888888886),(79,2.4462222222222221),(158,2.6995555555555555),(91,2.9337777777777774),(70,3.0195555555555558),(31,3.1728888888888891),(75,3.4728888888888885),(361,3.4728888888888885)
36,8,(327,3.1205633802816899),(314,4.4394366197183093),(313,4.652769953051644),(302,4.8005633802816892),(196,4.8272300469483573),(2,4.8527699530516433),(38,4.8527699530516433),(300,4.8661032863849769)
37,8,(360,2.2999999999999998),(308,2.3733333333333335),(185,2.5333333333333337),(100,2.5666666666666669),(70,2.5866666666666664),(125,2.773333333333333),(281,2.8266666666666667),(158,2.9066666666666663)
38,8,(313,3.1333333333333337),(94,3.3866666666666667),(326,3.6466666666666669),(212,3.6933333333333334),(314,3.746666666666667),(114,3.9466666666666672),(327,3.9733333333333336),(29,3.9866666666666664)
39,9,(63,2.3866666666666663),(10,2.6799999999999997),(105,3.0933333333333337),(205,3.1200000000000001),(61,3.4133333333333336),(243,3.7199999999999998),(13,3.813333333333333),(272,3.8799999999999999),(323,3.8799999999999999)
40,8,(41,2.313333333333333),(360,2.3466666666666667),(199,2.7599999999999998),(89,2.7666666666666666),(198,2.9066666666666663),(43,3.0466666666666669),(56,3.0533333333333332),(281,3.1533333333333333)
41,8,(43,1.0266666666666666),(89,1.4133333333333333),(279,1.8266666666666664),(58,1.8266666666666667),(361,1.8266666666666667),(106,2.0266666666666664),(331,2.1999999999999997),(15,2.293333333333333)
42,8,(52,3.0133333333333332),(55,3.7199999999999998),(305,3.7866666666666671),(80,4.0000000000000009),(60,4.0933333333333346),(134,4.253333333333333),(79,4.4933333333333332),(119,4.5333333333333341)
43,8,(41,1.0266666666666666),(361,1.4666666666666666),(89,1.7199999999999998),(279,1.8666666666666665),(303,2.0133333333333332),(281,2.1066666666666665),(58,2.1333333333333333),(8,2.1733333333333329)
44,8,(298,2.1999999999999997),(200,2.4933333333333332),(54,2.6133333333333333),(147,2.8733333333333331),(295,2.96),(84,3),(154,3.0266666666666664),(79,3.04)
45,8,(287,1.7733333333333332),(114,2.0133333333333332),(72,2.0533333333333332),(94,2.6799999999999997),(155,2.773333333333333),(249,2.8600000000000003),(313,3.0933333333333333),(289,3.1600000000000006)
46,8,(129,2.3999999999999999),(140,2.6799999999999997),(15,2.7466666666666666),(160,2.813333333333333),(303,2.8266666666666671),(281,2.9199999999999999),(8,2.9866666666666664),(259,2.9866666666666664)
47,8,(99,3.6800000000000002),(20,4.0533333333333337),(268,4.3866666666666667),(43,4.6399999999999997),(26,4.6933333333333325),(266,4.6933333333333325),(79,4.8666666666666663),(42,5.0399999999999991)
48,8,(158,2.5866666666666664),(279,2.6933333333333334),(280,3.0399999999999996),(106,3.106666666666666),(41,3.1333333333333329),(345,3.2266666666666661),(281,3.333333333333333),(58,3.3599999999999994)
49,8,(45,3.8266666666666671),(155,3.9333333333333336),(57,4.0800000000000001),(287,4.2666666666666666),(196,4.7733333333333325),(302,4.7999999999999998),(289,4.9866666666666664),(65,5)
50,8,(114,2.8666666666666667),(313,2.8799999999999999),(300,3.0933333333333333),(94,3.1333333333333333),(302,3.2400000000000002),(301,3.3866666666666672),(45,3.5466666666666669),(327,3.5600000000000001)
51,8,(89,1.7199999999999998),(34,2.3369444444444443),(58,2.7999999999999998),(361,2.7999999999999998),(41,3.0266666666666668),(160,3.333333333333333),(43,3.3333333333333335),(15,3.4000000000000004)
52,9,(42,3.0133333333333332),(305,3.2266666666666666),(206,3.2800000000000002),(247,3.2800000000000002),(317,3.4133333333333336),(30,3.4533333333333331),(25,3.773333333333333),(208,3.7733333333333334),(340,3.7733333333333334)
53,8,(310,4.0266666666666664),(61,4.4399999999999995),(165,4.7600000000000007),(107,4.7999999999999998),(13,4.8399999999999999),(235,5.0133333333333328),(357,5.04),(309,5.0666666666666664)
54,8,(200,1.7733333333333332),(202,2.0133333333333332),(341,2.2266666666666666),(295,2.2399999999999998),(354,2.3999999999999999),(353,2.4133333333333331),(6,2.4399999999999999),(44,2.6133333333333333)
55,8,(291,3.3066666666666671),(309,3.3199999999999998),(311,3.5599999999999996),(183,3.6800000000000002),(42,3.7199999999999998),(228,3.7466666666666661),(310,3.7466666666666661),(153,3.7733333333333334)
56,8,(91,2.2800000000000002),(158,2.313333333333333),(195,2.333333333333333),(96,2.3399999999999999),(161,2.3533333333333331),(59,2.4799999999999995),(116,2.5666666666666664),(185,2.6066666666666665)
57,8,(300,3.0533333333333332),(94,3.0933333333333333),(302,3.2800000000000002),(312,3.7066666666666666),(287,3.8133333333333335),(50,4.04),(314,4.04),(49,4.0800000000000001)
58,8,(89,1.7466666666666666),(256,1.7999999999999998),(41,1.8266666666666667),(361,1.9999999999999998),(43,2.1333333333333333),(331,2.3733333333333331),(168,2.3999999999999999),(280,2.3999999999999999)
59,8,(146,1.2533333333333334),(64,2.2066666666666666),(185,2.2066666666666666),(186,2.3533333333333331),(56,2.4799999999999995),(229,2.5199999999999996),(96,2.5266666666666668),(177,2.5933333333333333)
60,8,(163,2.6933333333333334),(99,2.7333333333333334),(266,3.0266666666666668),(343,3.6799999999999997),(267,3.7199999999999998),(268,4.0000000000000009),(239,4.0133333333333336),(42,4.0933333333333346)
61,8,(33,2.3416216216216212),(323,3.2933333333333334),(39,3.4133333333333336),(235,3.4266666666666672),(13,3.7333333333333334),(25,3.7600000000000007),(310,3.8000000000000003),(237,3.8266666666666671)
62,8,(128,1.5466666666666666),(226,1.6933333333333331),(222,1.8666666666666665),(147,1.9133333333333331),(227,2.1866666666666665),(6,2.1999999999999997),(228,2.2266666666666666),(341,2.4666666666666663)
63,9,(10,0.29333333333333333),(39,2.3866666666666663),(272,2.8266666666666667),(205,2.8399999999999999),(105,4.04),(243,4.1066666666666665),(1,4.1200000000000001),(165,4.1733333333333338),(282,4.1733333333333338)
64,8,(177,1.0533333333333332),(186,1.5599999999999998),(96,1.6799999999999999),(16,1.7466666666666666),(75,1.8133333333333332),(187,1.8799999999999999),(150,2.0266666666666664),(146,2.0466666666666664)
65,8,(14,2.3999999999999999),(302,3.1333333333333333),(287,3.2666666666666662),(289,3.3199999999999994),(300,3.4666666666666668),(45,3.4933333333333332),(301,3.6533333333333329),(50,3.706666666666667)
66,8,(340,2.0399999999999996),(365,2.3466666666666662),(317,2.4799999999999995),(319,2.6266666666666665),(275,2.666666666666667),(358,2.8266666666666667),(246,2.9199999999999999),(247,3.0133333333333332)
67,8,(15,0.25333333333333335),(89,1.7999999999999998),(106,1.8533333333333333),(8,2.0133333333333332),(129,2.0666666666666664),(140,2.3466666666666662),(331,2.3466666666666662),(41,2.5466666666666664)
68,8,(115,2.9866666666666664),(121,3.0800000000000005),(261,3.7199999999999998),(202,3.8266666666666667),(227,3.9466666666666663),(224,4.0533333333333328),(226,4.0666666666666664),(353,4.0666666666666664)
69,8,(320,3.0800000000000001),(282,3.7866666666666666),(305,4.04),(324,4.0933333333333328),(98,4.0933333333333337),(25,4.1599999999999993),(152,4.333333333333333),(283,4.3466666666666667)
70,8,(159,1.5066666666666666),(158,1.6799999999999999),(345,1.6799999999999999),(125,1.8133333333333332),(284,1.8133333333333332),(346,1.9133333333333331),(360,1.9533333333333331),(76,2.0133333333333332)
71,8,(126,2.7333333333333334),(184,3.4133333333333331),(344,3.7066666666666666),(122,3.7466666666666666),(343,4.7200000000000006),(349,4.746666666666667),(347,4.7866666666666671),(99,5)
72,8,(45,2.0533333333333332),(114,2.7333333333333334),(287,3.1600000000000001),(327,3.3733333333333335),(87,3.3866666666666667),(50,3.6000000000000005),(315,4.0133333333333336),(364,4.0266666666666664)
73,8,(226,2.1733333333333329),(225,2.4399999999999995),(62,2.5333333333333332),(79,2.6133333333333333),(227,2.7199999999999998),(200,2.7333333333333329),(84,2.7599999999999998),(41,2.8533333333333331)
74,8,(129,1.6799999999999999),(158,1.8799999999999999),(303,1.8933333333333331),(160,1.9066666666666665),(345,1.9066666666666665),(168,2.0399999999999996),(106,2.2399999999999998),(256,2.2399999999999998)
75,8,(116,1.0266666666666666),(83,1.2),(12,1.7066666666666666),(81,1.7466666666666666),(186,1.7466666666666666),(64,1.8133333333333332),(82,2.0266666666666664),(125,2.0266666666666664)
76,8,(70,2.0133333333333332),(81,2.0266666666666664),(277,2.4399999999999995),(125,2.4666666666666663),(116,2.7466666666666666),(159,2.8533333333333331),(83,2.9733333333333332),(96,3.0266666666666664)
77,8,(80,3.7933333333333339),(86,4.4333333333333336),(142,4.5133333333333336),(98,4.6200000000000001),(85,4.7599999999999998),(233,4.8599999999999994),(238,5.1933333333333342),(139,5.2333333333333334)
78,8,(72,5),(289,5.546666666666666),(45,5.7199999999999998),(87,5.7199999999999998),(155,5.8266666666666653),(249,5.8599999999999985),(287,6.1599999999999993),(253,6.1666666666666652)
79,8,(84,2.04),(225,2.1733333333333329),(16,2.3733333333333331),(158,2.4133333333333331),(35,2.4462222222222221),(295,2.5866666666666664),(73,2.6133333333333333),(200,2.7866666666666666)
80,8,(139,1.4399999999999999),(131,3),(86,3.0266666666666673),(181,3.5466666666666669),(77,3.7933333333333339),(85,3.9666666666666672),(42,4.0000000000000009),(102,4.04)
81,8,(75,1.7466666666666666),(76,2.0266666666666664),(116,2.0533333333333332),(83,2.2799999999999998),(125,2.4399999999999995),(164,2.48),(70,2.7066666666666666),(12,2.7866666666666666)
82,8,(96,1.4399999999999999),(116,1.6666666666666665),(75,2.0266666666666664),(185,2.3733333333333331),(229,2.4333333333333331),(64,2.4533333333333331),(195,2.5666666666666669),(277,2.6933333333333334)
83,8,(75,1.2),(116,1.5599999999999998),(125,1.8399999999999999),(277,1.8666666666666665),(345,1.9999999999999998),(197,2.0333333333333332),(81,2.2799999999999998),(199,2.2866666666666662)
84,8,(79,2.04),(225,2.5333333333333332),(298,2.5333333333333332),(73,2.7599999999999998),(44,3),(54,3.0533333333333328),(101,3.1199999999999997),(222,3.1599999999999997)
85,8,(131,3.6333333333333333),(139,3.8600000000000008),(80,3.9666666666666672),(86,3.9933333333333341),(77,4.7599999999999998),(107,5.2733333333333325),(234,5.3000000000000007),(102,5.3399999999999999)
86,8,(80,3.0266666666666673),(139,3.8000000000000003),(85,3.9933333333333341),(77,4.4333333333333336),(141,4.9733333333333336),(152,5.0533333333333328),(1,5.1199999999999992),(21,5.1200000000000001)
87,8,(287,2.4399999999999995),(190,3.0266666666666668),(45,3.3333333333333335),(94,3.3466666666666671),(114,3.3466666666666671),(29,3.3600000000000008),(72,3.3866666666666667),(155,3.4399999999999999)
88,8,(130,3.4399999999999999),(135,3.706666666666667),(317,4.333333333333333),(305,4.3599999999999994),(350,4.373333333333334),(124,4.4266666666666667),(208,4.4799999999999995),(275,4.5200000000000005)
89,8,(41,1.4133333333333333),(43,1.7199999999999998),(51,1.7199999999999998),(160,1.7199999999999998),(58,1.7466666666666666),(361,1.7466666666666666),(8,1.7866666666666666),(15,1.7866666666666666)
90,8,(146,2.3599999999999999),(188,2.8999999999999999),(96,3.3666666666666671),(59,3.5600000000000001),(278,3.6199999999999997),(64,3.686666666666667),(195,3.706666666666667),(229,3.7066666666666674)
91,8,(56,2.2800000000000002),(229,2.7199999999999998),(161,2.7400000000000002),(35,2.9337777777777774),(158,2.9666666666666663),(16,3.0066666666666668),(106,3.0599999999999996),(361,3.0733333333333333)
92,8,(222,1.1599999999999999),(265,1.7555555555555553),(200,2.1599999999999997),(296,2.4799999999999995),(19,2.5066666666666664),(27,2.5066666666666664),(353,2.5333333333333332),(147,2.54)
93,8,(110,2.6799999999999997),(351,3.773333333333333),(105,4.3733333333333331),(1,4.4533333333333331),(323,4.5999999999999996),(17,4.7200000000000015),(32,4.7733333333333325),(63,4.9999999999999991)
94,8,(313,1.0800000000000001),(114,1.3333333333333333),(287,2.2399999999999998),(326,2.3666666666666667),(111,2.3866666666666667),(314,2.4666666666666663),(45,2.6799999999999997),(327,2.6933333333333329)
95,8,(129,0.69333333333333325),(74,2.3466666666666662),(168,2.3599999999999999),(118,2.4266666666666663),(256,2.5599999999999996),(34,2.5636111111111113),(328,2.6666666666666665),(67,2.7066666666666666)
96,8,(185,1.0666666666666667),(116,1.1066666666666667),(195,1.3399999999999999),(82,1.4399999999999999),(229,1.6599999999999997),(219,1.6666666666666665),(64,1.6799999999999999),(146,1.7266666666666666)
97,8,(101,0.71999999999999997),(112,1.28),(128,1.9066666666666667),(341,2.1066666666666665),(228,2.1333333333333333),(354,2.3866666666666663),(154,2.4266666666666663),(299,2.4399999999999995)
98,8,(69,4.0933333333333337),(77,4.6200000000000001),(123,4.6933333333333334),(305,4.7199999999999998),(25,4.7333333333333325),(238,4.7600000000000007),(10,4.7733333333333325),(206,4.7733333333333325)
99,8,(266,1.7066666666666666),(163,2.7066666666666666),(60,2.7333333333333334),(268,3.4000000000000004),(122,3.4133333333333336),(47,3.6800000000000002),(267,3.6800000000000002),(343,3.7199999999999998)
100,8,(360,1.7333333333333332),(195,2.0266666666666664),(125,2.54),(37,2.5666666666666669),(281,2.5933333333333333),(116,2.9266666666666667),(103,3),(70,3.02)
101,8,(112,0.66666666666666663),(97,0.71999999999999997),(228,1.52),(128,1.96),(354,2.4399999999999995),(154,2.4799999999999995),(353,2.5866666666666664),(227,2.5999999999999996)
102,8,(131,2.3733333333333331),(234,3.96),(80,4.04),(152,4.04),(139,4.1466666666666665),(358,4.253333333333333),(276,4.6666666666666661),(275,4.7599999999999998)
103,8,(137,2.3933333333333331),(149,2.5),(116,2.5933333333333333),(125,2.8733333333333331),(359,2.9333333333333331),(156,2.9666666666666663),(9,2.9666666666666668),(100,3)
104,8,(137,2.3733333333333331),(261,3.0266666666666668),(346,3.246666666666667),(257,3.2866666666666671),(303,3.3333333333333335),(345,3.3466666666666667),(5,3.4266666666666667),(281,3.4266666666666672)
105,8,(39,3.0933333333333337),(351,3.3999999999999999),(243,3.48),(241,3.8533333333333331),(63,4.04),(165,4.2133333333333329),(10,4.253333333333333),(233,4.2800000000000002)
106,8,(15,1.5999999999999999),(279,1.7999999999999998),(67,1.8533333333333333),(41,2.0266666666666664),(136,2.1333333333333333),(74,2.2399999999999998),(345,2.333333333333333),(161,2.3466666666666662)
107,9,(135,4.1733333333333338),(52,4.3733333333333331),(119,4.5066666666666659),(42,4.6399999999999997),(25,4.7333333333333343),(53,4.7999999999999998),(305,4.8533333333333326),(61,5.0266666666666664),(131,5.0266666666666664)
108,8,(290,1.8933333333333331),(314,2.1599999999999997),(316,2.4933333333333332),(312,2.5733333333333333),(300,2.5866666666666664),(169,2.6266666666666669),(216,2.7466666666666666),(364,2.7466666666666666)
109,8,(105,4.7066666666666661),(135,4.8133333333333326),(358,4.8266666666666671),(365,5.0133333333333336),(110,5.0666666666666655),(52,5.0666666666666664),(317,5.1466666666666665),(30,5.1866666666666674)
110,8,(93,2.6799999999999997),(329,3.0666666666666669),(352,3.52),(166,3.6800000000000002),(351,3.7599999999999998),(246,3.8533333333333331),(358,3.8933333333333331),(247,3.9466666666666663)
111,8,(127,2.0133333333333332),(169,2.3866666666666663),(94,2.3866666666666667),(312,2.4399999999999999),(313,2.6933333333333334),(212,2.7999999999999998),(144,2.9066666666666663),(301,2.9066666666666663)
112,8,(101,0.66666666666666663),(97,1.28),(228,1.8133333333333332),(227,1.9333333333333331),(128,1.96),(226,2.0533333333333332),(134,2.0666666666666664),(353,2.0799999999999996)
113,8,(250,2.333333333333333),(138,2.6799999999999997),(178,2.6933333333333334),(145,3),(217,3.0266666666666668),(117,3.1600000000000001),(290,3.1733333333333338),(169,3.2400000000000002)
114,8,(94,1.3333333333333333),(313,1.7466666666666666),(287,1.7599999999999998),(45,2.0133333333333332),(327,2.0266666666666664),(326,2.6333333333333333),(72,2.7333333333333334),(155,2.7599999999999998)
115,8,(121,2.0666666666666664),(295,2.773333333333333),(224,2.9333333333333331),(68,2.9866666666666664),(227,3.04),(223,3.1199999999999997),(79,3.1466666666666661),(299,3.1466666666666669)
116,9,(75,1.0266666666666666),(125,1.0533333333333332),(96,1.1066666666666667),(140,1.4266666666666665),(229,1.4333333333333331),(83,1.5599999999999998),(195,1.5666666666666664),(82,1.6666666666666665),(281,1.6666666666666665)
117,8,(216,3.0266666666666668),(113,3.1600000000000001),(250,3.4933333333333341),(290,3.666666666666667),(214,3.6800000000000002),(326,3.7000000000000002),(252,3.7133333333333338),(108,3.773333333333333)
118,8,(136,1.6000000000000001),(8,2.3733333333333331),(9,2.4000000000000004),(95,2.4266666666666663),(129,2.4533333333333331),(96,2.4666666666666668),(221,2.5599999999999996),(116,2.6933333333333334)
119,8,(52,4.2133333333333329),(135,4.333333333333333),(107,4.5066666666666659),(42,4.5333333333333341),(206,4.9333333333333336),(305,4.9866666666666672),(105,5.1866666666666674),(247,5.4933333333333323)
120,8,(159,2.1866666666666665),(277,2.4399999999999995),(116,2.746666666666667),(83,2.9733333333333332),(134,3.0133333333333332),(96,3.0266666666666668),(75,3.1066666666666669),(286,3.1600000000000001)
121,8,(115,2.0666666666666664),(68,3.0800000000000005),(226,3.1466666666666661),(228,3.3866666666666663),(202,3.4133333333333331),(261,3.4666666666666663),(62,3.5066666666666668),(92,3.5466666666666669)
122,8,(99,3.4133333333333336),(184,3.6666666666666665),(126,3.6800000000000002),(343,3.6933333333333342),(266,3.7066666666666666),(71,3.7466666666666666),(348,4.04),(239,4.666666666666667)
123,8,(32,4.3866666666666667),(318,4.6133333333333342),(98,4.6933333333333334),(69,4.7866666666666671),(283,5.1066666666666665),(291,5.1600000000000001),(272,5.3333333333333321),(124,5.3466666666666658)
124,8,(350,4.0533333333333346),(142,4.0933333333333328),(80,4.1466666666666665),(166,4.1733333333333329),(210,4.2800000000000002),(88,4.4266666666666667),(291,4.5066666666666659),(352,4.6799999999999997)
125,9,(116,1.0533333333333332),(70,1.8133333333333332),(83,1.8399999999999999),(75,2.0266666666666664),(277,2.0266666666666664),(164,2.0399999999999996),(281,2.0533333333333332),(9,2.0933333333333333),(148,2.0933333333333333)
126,8,(349,2.6799999999999997),(71,2.7333333333333334),(347,2.8533333333333331),(344,3.1066666666666665),(184,3.3466666666666667),(343,3.3466666666666667),(268,3.6666666666666665),(240,3.666666666666667)
127,8,(111,2.0133333333333332),(315,2.4266666666666663),(301,2.4399999999999995),(316,2.8266666666666667),(312,2.9066666666666672),(94,2.96),(114,3.04),(313,3.3733333333333335)
128,8,(62,1.5466666666666666),(133,1.8266666666666664),(97,1.9066666666666667),(101,1.96),(112,1.96),(147,1.9666666666666666),(6,2.0133333333333332),(154,2.1466666666666665)
129,8,(95,0.69333333333333325),(74,1.6799999999999999),(34,1.9236111111111109),(67,2.0666666666666664),(8,2.0799999999999996),(158,2.2266666666666666),(160,2.253333333333333),(15,2.3199999999999998)
130,8,(88,3.4399999999999999),(329,3.4533333333333331),(166,3.8266666666666675),(350,4.3999999999999995),(135,4.4000000000000004),(142,4.4133333333333331),(274,4.4266666666666676),(317,4.4400000000000004)
131,8,(102,2.3733333333333331),(80,3),(85,3.6333333333333333),(139,3.773333333333333),(234,4.333333333333333),(110,4.6799999999999997),(276,4.9599999999999991),(42,5.0000000000000009)
132,9,(179,2.6933333333333334),(138,3.0933333333333333),(127,3.4666666666666668),(144,3.6933333333333338),(157,3.6933333333333338),(113,3.746666666666667),(111,3.8800000000000003),(174,4.0800000000000001),(250,4.0800000000000001)
133,8,(128,1.8266666666666664),(134,2.0666666666666664),(226,2.0799999999999996),(112,2.1333333333333333),(6,2.4799999999999995),(228,2.6133333333333333),(202,2.6399999999999997),(337,2.6733333333333333)
134,8,(112,2.0666666666666664),(133,2.0666666666666664),(338,2.3600000000000003),(225,2.4133333333333331),(159,2.5066666666666664),(228,2.5466666666666664),(181,2.6266666666666665),(226,2.6799999999999997)
135,8,(88,3.706666666666667),(52,3.8799999999999999),(206,4.0666666666666664),(25,4.1066666666666665),(208,4.1066666666666665),(107,4.1733333333333338),(119,4.333333333333333),(130,4.4000000000000004)
136,8,(118,1.6000000000000001),(106,2.1333333333333333),(161,2.4533333333333336),(229,2.4733333333333332),(279,2.5999999999999996),(116,2.9066666666666663),(74,3.0399999999999996),(270,3.1066666666666665)
137,8,(104,2.3733333333333331),(5,2.3866666666666667),(103,2.3933333333333331),(125,3.1866666666666665),(120,3.3866666666666672),(199,3.5933333333333328),(83,3.6933333333333329),(148,3.7599999999999998)
138,9,(113,2.6799999999999997),(178,2.6800000000000002),(215,2.8533333333333331),(132,3.0933333333333333),(314,3.4533333333333331),(111,3.6400000000000001),(217,3.6799999999999997),(145,3.6800000000000002),(250,3.6800000000000002)
139,9,(80,1.4399999999999999),(131,3.773333333333333),(86,3.8000000000000003),(85,3.8600000000000008),(102,4.1466666666666665),(152,4.8533333333333335),(181,4.9866666666666672),(52,5.1199999999999992),(110,5.1199999999999992)
140,8,(116,1.4266666666666665),(8,1.6933333333333331),(96,1.8666666666666665),(89,2.1466666666666665),(70,2.1866666666666665),(195,2.1933333333333334),(164,2.333333333333333),(67,2.3466666666666662)
141,8,(80,4.6133333333333333),(152,4.6933333333333334),(361,4.7466666666666661),(180,4.7733333333333334),(16,4.8133333333333326),(181,4.8266666666666662),(35,4.886222222222222),(86,4.9733333333333336)
142,8,(124,4.0933333333333328),(130,4.4133333333333331),(210,4.4799999999999995),(77,4.5133333333333336),(329,4.5333333333333341),(166,4.7466666666666661),(357,4.879999999999999),(165,5.080000000000001)
143,8,(38,7.0133333333333328),(95,7.120000000000001),(215,7.333333333333333),(213,7.3733333333333331),(306,7.7333333333333325),(7,7.7333333333333334),(94,7.7333333333333334),(161,7.7866666666666671)
144,9,(327,2.1733333333333329),(29,2.1866666666666665),(2,2.4666666666666663),(326,2.5133333333333332),(111,2.9066666666666663),(170,3.1200000000000001),(312,3.1333333333333329),(94,3.1866666666666665),(169,3.1866666666666665)
145,8,(167,2.1466666666666665),(196,2.8266666666666667),(290,2.8399999999999999),(300,2.8666666666666667),(169,2.9066666666666663),(113,3),(178,3.0266666666666668),(108,3.0533333333333337)
146,8,(59,1.2533333333333334),(229,1.3999999999999999),(96,1.7266666666666666),(64,2.0466666666666664),(195,2.0666666666666664),(185,2.1266666666666665),(0,2.2066666666666666),(186,2.273333333333333)
147,8,(222,1.6199999999999997),(62,1.9133333333333331),(128,1.9666666666666666),(333,2.4533333333333331),(154,2.5133333333333332),(92,2.54),(227,2.6066666666666665),(6,2.6200000000000001)
148,8,(160,0.73333333333333328),(168,1.1333333333333333),(9,1.3333333333333333),(303,1.3866666666666665),(8,1.4399999999999999),(259,1.4399999999999999),(256,1.7333333333333332),(332,1.8533333333333333)
149,8,(156,0.46666666666666667),(185,1.2),(187,1.4266666666666665),(0,1.4666666666666666),(158,1.4933333333333332),(359,1.5666666666666667),(150,1.8133333333333332),(286,2)
150,8,(186,1.5333333333333332),(158,1.6799999999999999),(177,1.7466666666666666),(149,1.8133333333333332),(0,1.9466666666666665),(64,2.0266666666666664),(185,2.0533333333333332),(116,2.0933333333333333)
151,8,(235,3.6000000000000001),(152,3.9200000000000004),(1,4.253333333333333),(248,4.4400000000000004),(153,4.6666666666666661),(237,4.666666666666667),(205,4.7066666666666661),(233,4.7733333333333334)
152,8,(83,3.813333333333333),(151,3.9200000000000004),(75,3.9466666666666663),(102,4.04),(80,4.0800000000000001),(120,4.1733333333333338),(197,4.2200000000000006),(116,4.253333333333333)
153,8,(181,2.7200000000000002),(180,3.3333333333333335),(55,3.7733333333333334),(228,4.0266666666666664),(189,4.0533333333333328),(183,4.0933333333333328),(247,4.1333333333333329),(33,4.1682882882882879)
154,8,(295,1.9333333333333331),(354,2.04),(227,2.1199999999999997),(6,2.1333333333333333),(128,2.1466666666666665),(297,2.273333333333333),(97,2.4266666666666663),(222,2.4666666666666663)
155,8,(287,1.6666666666666665),(114,2.7599999999999998),(45,2.773333333333333),(174,3),(289,3.0533333333333332),(290,3.1733333333333333),(94,3.2399999999999993),(178,3.3600000000000003)
156,8,(149,0.46666666666666667),(187,1.04),(0,1.6666666666666665),(185,1.6666666666666665),(177,1.8666666666666665),(158,1.96),(359,2.0333333333333332),(150,2.2799999999999998)
157,9,(174,1.7733333333333332),(162,2.7999999999999998),(178,2.7999999999999998),(2,3.0800000000000001),(191,3.0800000000000001),(252,3.2200000000000002),(212,3.3866666666666663),(144,3.3866666666666667),(301,3.3866666666666667)
158,8,(345,1.3599999999999999),(161,1.3733333333333333),(149,1.4933333333333332),(70,1.6799999999999999),(150,1.6799999999999999),(185,1.7066666666666666),(116,1.7466666666666666),(74,1.8799999999999999)
159,8,(70,1.5066666666666666),(284,1.6399999999999999),(218,1.6933333333333331),(286,1.6933333333333331),(221,1.7333333333333332),(345,1.8266666666666664),(346,1.9266666666666663),(277,1.96)
160,8,(303,0.67999999999999994),(148,0.73333333333333328),(256,1),(168,1.2),(8,1.5066666666666666),(259,1.5066666666666666),(89,1.7199999999999998),(332,1.7866666666666666)
161,9,(158,1.3733333333333333),(345,2.0133333333333332),(220,2.0800000000000001),(284,2.1199999999999997),(279,2.1466666666666665),(271,2.1733333333333329),(325,2.1999999999999997),(41,2.3466666666666662),(106,2.3466666666666662)
162,8,(174,2.5733333333333333),(157,2.7999999999999998),(178,2.9333333333333331),(289,3.186666666666667),(287,3.2400000000000002),(192,3.373333333333334),(167,3.3866666666666667),(196,3.3999999999999999)
163,8,(60,2.6933333333333334),(99,2.7066666666666666),(266,3),(343,3.0133333333333332),(267,3.0266666666666668),(347,3.1600000000000006),(239,3.3733333333333335),(344,3.413333333333334)
164,9,(186,1.6799999999999999),(116,1.7599999999999998),(185,1.7999999999999998),(125,2.0399999999999996),(75,2.0666666666666669),(158,2.1733333333333329),(96,2.2000000000000002),(140,2.333333333333333),(149,2.333333333333333)
165,8,(1,2.96),(233,3.4000000000000004),(205,4),(241,4.0666666666666664),(310,4.0666666666666664),(63,4.1733333333333338),(33,4.2082882882882879),(105,4.2133333333333329)
166,8,(211,3.04),(350,3.5599999999999996),(110,3.6800000000000002),(247,3.7333333333333329),(336,3.7599999999999993),(171,3.8266666666666662),(246,3.8266666666666662),(130,3.8266666666666675)
167,8,(196,2.0133333333333332),(145,2.1466666666666665),(300,2.3466666666666667),(312,3),(364,3.0133333333333332),(327,3.0266666666666664),(108,3.0933333333333333),(314,3.2533333333333334)
168,8,(8,1.0266666666666666),(148,1.1333333333333333),(321,1.1599999999999999),(160,1.2),(280,1.4666666666666668),(256,1.5333333333333332),(332,1.6533333333333333),(259,1.6933333333333331)
169,8,(290,2.0666666666666664),(111,2.3866666666666663),(108,2.6266666666666669),(288,2.746666666666667),(145,2.9066666666666663),(196,3.0666666666666664),(144,3.1866666666666665),(113,3.2400000000000002)
170,8,(190,2.7333333333333338),(2,2.9199999999999999),(144,3.1200000000000001),(212,3.2266666666666666),(145,3.4000000000000004),(302,3.4000000000000004),(290,3.5733333333333333),(300,3.5999999999999996)
171,8,(175,2.333333333333333),(176,2.6266666666666665),(246,2.6666666666666665),(210,2.7333333333333334),(336,2.7333333333333334),(189,2.7599999999999998),(247,2.7599999999999998),(173,2.8266666666666662)
172,8,(189,2.773333333333333),(173,3.5066666666666668),(3,3.8799999999999994),(180,4.0533333333333337),(176,4.6399999999999997),(171,4.6800000000000006),(153,4.7199999999999998),(175,5.0133333333333336)
173,8,(189,2.0666666666666664),(180,2.7866666666666666),(171,2.8266666666666662),(176,2.8666666666666667),(175,3.1600000000000001),(172,3.5066666666666668),(276,4),(210,4.0933333333333328)
174,8,(157,1.7733333333333332),(162,2.5733333333333333),(179,2.7199999999999998),(290,2.8400000000000003),(252,2.8866666666666663),(155,3),(178,3.0266666666666668),(214,3.1733333333333338)
175,8,(3,1.7999999999999998),(171,2.333333333333333),(176,2.3733333333333331),(189,2.4266666666666663),(311,2.7466666666666666),(210,2.9333333333333331),(336,3.0666666666666664),(247,3.0933333333333333)
176,8,(175,2.3733333333333331),(210,2.5599999999999996),(171,2.6266666666666665),(173,2.8666666666666667),(340,2.9999999999999996),(194,3.3600000000000008),(247,3.3866666666666663),(3,3.4266666666666667)
177,9,(187,0.82666666666666666),(64,1.0533333333333332),(186,1.28),(150,1.7466666666666666),(185,1.7999999999999998),(156,1.8666666666666665),(11,1.9199999999999999),(96,2.0666666666666664),(149,2.0666666666666664)
178,8,(138,2.6800000000000002),(113,2.6933333333333334),(157,2.7999999999999998),(213,2.8266666666666671),(162,2.9333333333333331),(145,3.0266666666666668),(174,3.0266666666666668),(253,3.0333333333333337)
179,8,(132,2.6933333333333334),(174,2.7199999999999998),(178,3.0800000000000001),(113,3.7200000000000002),(157,3.7200000000000002),(138,3.7333333333333338),(111,3.9066666666666672),(145,4.0533333333333337)
180,8,(189,2.0533333333333332),(173,2.7866666666666666),(153,3.3333333333333335),(171,3.3733333333333331),(209,3.666666666666667),(208,3.7466666666666666),(210,3.9733333333333332),(172,4.0533333333333337)
181,8,(134,2.6266666666666665),(182,2.7199999999999998),(153,2.7200000000000002),(183,2.813333333333333),(248,3.1599999999999997),(21,3.3999999999999999),(228,3.4133333333333336),(80,3.5466666666666669)
182,8,(181,2.7199999999999998),(183,2.8666666666666663),(226,4),(55,4.5466666666666677),(97,4.6666666666666661),(133,4.746666666666667),(153,4.7733333333333325),(228,4.8000000000000007)
183,8,(181,2.813333333333333),(182,2.8666666666666663),(55,3.6800000000000002),(153,4.0933333333333328),(180,4.0933333333333337),(294,4.5199999999999996),(228,4.7333333333333334),(320,4.7599999999999998)
184,8,(348,2.3733333333333331),(343,2.6933333333333338),(266,2.7066666666666666),(239,3),(344,3.1200000000000001),(349,3.3333333333333335),(126,3.3466666666666667),(267,3.3999999999999999)
185,8,(96,1.0666666666666667),(149,1.2),(0,1.3333333333333333),(11,1.4533333333333331),(156,1.6666666666666665),(158,1.7066666666666666),(164,1.7999999999999998),(177,1.7999999999999998)
186,8,(177,1.28),(11,1.3599999999999999),(150,1.5333333333333332),(64,1.5599999999999998),(164,1.6799999999999999),(75,1.7466666666666666),(116,2.1066666666666665),(187,2.1066666666666665)
187,8,(177,0.82666666666666666),(156,1.04),(149,1.4266666666666665),(64,1.8799999999999999),(185,1.96),(186,2.1066666666666665),(96,2.2266666666666666),(150,2.5733333333333333)
188,8,(186,2.4799999999999995),(278,2.8533333333333331),(90,2.8999999999999999),(185,3),(187,3.04),(11,3.1199999999999997),(177,3.2000000000000002),(146,3.206666666666667)
189,8,(180,2.0533333333333332),(173,2.0666666666666664),(175,2.4266666666666663),(171,2.7599999999999998),(172,2.773333333333333),(3,2.8933333333333335),(176,3.4666666666666668),(247,3.5199999999999996)
190,8,(302,2.6666666666666665),(170,2.7333333333333338),(313,2.7866666666666662),(287,2.7999999999999998),(327,3.0133333333333336),(87,3.0266666666666668),(94,3.04),(114,3.04)
191,8,(14,3.0266666666666664),(157,3.0800000000000001),(327,3.1466666666666669),(190,3.4933333333333332),(312,3.4933333333333336),(302,3.4933333333333341),(167,3.5066666666666668),(300,3.5066666666666668)
192,8,(301,2.813333333333333),(289,3.1466666666666665),(174,3.2000000000000002),(287,3.2000000000000002),(162,3.373333333333334),(313,3.4533333333333336),(45,3.6399999999999997),(300,3.666666666666667)
193,8,(244,2.5333333333333332),(274,2.9199999999999999),(243,3.0933333333333333),(171,3.1599999999999997),(246,3.1599999999999997),(194,3.2266666666666666),(247,3.253333333333333),(3,3.2933333333333334)
194,8,(17,2.7066666666666666),(193,3.2266666666666666),(244,3.3599999999999999),(176,3.3600000000000008),(3,3.4000000000000004),(292,3.7733333333333334),(365,4),(274,4.3600000000000003)
195,8,(229,1.3333333333333333),(96,1.3399999999999999),(116,1.5666666666666664),(360,1.7066666666666666),(100,2.0266666666666664),(146,2.0666666666666664),(11,2.1799999999999997),(140,2.1933333333333334)
196,8,(300,1.6933333333333334),(167,2.0133333333333332),(301,2.5466666666666664),(302,2.6933333333333334),(313,2.813333333333333),(145,2.8266666666666667),(214,3.0133333333333332),(327,3.04)
197,8,(199,1.7466666666666666),(83,2.0333333333333332),(5,2.2866666666666666),(198,2.5599999999999996),(41,2.6600000000000001),(43,2.7000000000000002),(75,2.8333333333333335),(279,2.8333333333333335)
198,8,(199,1.48),(70,2.5133333333333332),(197,2.5599999999999996),(5,2.6066666666666665),(168,2.6733333333333333),(74,2.7133333333333334),(279,2.7266666666666666),(359,2.7599999999999998)
199,8,(198,1.48),(197,1.7466666666666666),(83,2.2866666666666662),(75,2.4199999999999999),(125,2.4466666666666663),(5,2.54),(279,2.5800000000000001),(229,2.706666666666667)
200,8,(54,1.7733333333333332),(202,1.7866666666666666),(295,1.7999999999999998),(6,1.9999999999999998),(92,2.1599999999999997),(203,2.2266666666666666),(204,2.293333333333333),(222,2.333333333333333)
201,8,(203,1.1333333333333333),(200,2.4266666666666663),(338,2.4266666666666663),(73,2.9733333333333332),(204,3.2000000000000002),(342,3.3333333333333335),(202,3.3599999999999999),(295,3.5600000000000005)
202,8,(200,1.7866666666666666),(54,2.0133333333333332),(204,2.1599999999999997),(295,2.253333333333333),(299,2.333333333333333),(354,2.3866666666666663),(6,2.4533333333333331),(133,2.6399999999999997)
203,8,(201,1.1333333333333333),(200,2.2266666666666666),(44,3.0666666666666669),(73,3.1733333333333333),(62,3.3599999999999999),(295,3.3599999999999999),(338,3.3733333333333335),(204,3.4000000000000004)
204,8,(202,2.1599999999999997),(200,2.293333333333333),(79,2.8399999999999999),(44,3.1333333333333333),(201,3.2000000000000002),(261,3.3866666666666667),(203,3.4000000000000004),(150,3.4133333333333331)
205,8,(63,2.8399999999999999),(207,3.0666666666666673),(39,3.1200000000000001),(10,3.1333333333333333),(210,3.3999999999999999),(233,3.4000000000000004),(208,3.6266666666666674),(209,3.706666666666667)
206,8,(208,2.1733333333333329),(52,3.2800000000000002),(209,3.4266666666666667),(205,3.8000000000000003),(10,4),(211,4),(305,4.0533333333333337),(135,4.0666666666666664)
207,8,(205,3.0666666666666673),(210,3.1333333333333329),(209,3.4399999999999999),(282,3.7333333333333338),(211,3.8000000000000003),(208,4.0266666666666673),(206,4.2000000000000002),(3,4.2666666666666666)
208,8,(209,1.4133333333333333),(206,2.1733333333333329),(211,3.1599999999999997),(210,3.5600000000000001),(246,3.6266666666666665),(171,3.6266666666666669),(282,3.6266666666666669),(205,3.6266666666666674)
209,8,(208,1.4133333333333333),(211,3.2399999999999998),(206,3.4266666666666667),(207,3.4399999999999999),(210,3.6400000000000001),(180,3.666666666666667),(205,3.706666666666667),(176,3.746666666666667)
210,8,(211,2.2666666666666666),(176,2.5599999999999996),(171,2.7333333333333334),(282,2.7333333333333334),(175,2.9333333333333331),(207,3.1333333333333329),(205,3.3999999999999999),(208,3.5600000000000001)
211,8,(210,2.2666666666666666),(171,2.8666666666666667),(282,2.8666666666666667),(166,3.04),(208,3.1599999999999997),(175,3.1999999999999997),(209,3.2399999999999998),(336,3.4666666666666663)
212,8,(300,2.3733333333333331),(326,2.6200000000000001),(302,2.6266666666666665),(215,2.6799999999999997),(213,2.6933333333333334),(314,2.7200000000000002),(111,2.7999999999999998),(313,2.8266666666666667)
213,8,(290,2.3733333333333331),(212,2.6933333333333334),(314,2.6933333333333334),(215,2.7066666666666666),(178,2.8266666666666671),(339,3.1133333333333333),(217,3.1600000000000001),(111,3.4933333333333336)
214,8,(216,2.0399999999999996),(290,2.6799999999999997),(196,3.0133333333333332),(217,3.1466666666666665),(174,3.1733333333333338),(252,3.3933333333333335),(169,3.4133333333333331),(108,3.4533333333333331)
215,8,(217,2.5333333333333332),(212,2.6799999999999997),(213,2.7066666666666666),(314,2.7333333333333338),(138,2.8533333333333331),(4,3.5733333333333333),(315,3.6533333333333333),(339,3.8199999999999998)
216,8,(214,2.0399999999999996),(290,2.6399999999999997),(4,2.7333333333333334),(108,2.7466666666666666),(117,3.0266666666666668),(217,3.1066666666666665),(169,3.3733333333333335),(7,3.4266666666666667)
217,8,(7,2.5333333333333332),(215,2.5333333333333332),(250,2.6933333333333338),(113,3.0266666666666668),(216,3.1066666666666665),(314,3.1333333333333333),(214,3.1466666666666665),(213,3.1600000000000001)
218,8,(325,1.0133333333333334),(219,1.1333333333333333),(270,1.2266666666666666),(221,1.3733333333333333),(362,1.4533333333333331),(220,1.5333333333333332),(8,1.6399999999999999),(159,1.6933333333333331)
219,8,(308,0.97333333333333327),(270,1.0266666666666666),(9,1.0666666666666667),(221,1.0933333333333333),(218,1.1333333333333333),(306,1.1733333333333333),(325,1.48),(279,1.5333333333333332)
220,9,(325,0.54666666666666663),(331,1.1066666666666667),(308,1.24),(303,1.3866666666666665),(362,1.4133333333333333),(285,1.4399999999999999),(218,1.5333333333333332),(219,1.7333333333333332),(256,1.7333333333333332)
221,8,(219,1.0933333333333333),(218,1.3733333333333333),(286,1.3733333333333333),(345,1.4266666666666665),(159,1.7333333333333332),(307,1.8399999999999999),(270,1.9333333333333331),(284,2.04)
222,8,(92,1.1599999999999999),(147,1.6199999999999997),(6,1.6666666666666665),(227,1.6799999999999999),(62,1.8666666666666665),(296,2.0133333333333332),(226,2.2266666666666666),(265,2.2488888888888887)
223,8,(224,1.8133333333333332),(227,2.0799999999999996),(228,2.3333333333333335),(154,2.7066666666666666),(6,2.7599999999999998),(62,2.773333333333333),(225,2.8666666666666667),(222,3.0933333333333333)
224,8,(223,1.8133333333333332),(228,1.8533333333333333),(225,2.3866666666666663),(227,2.5599999999999996),(226,2.6800000000000002),(296,2.8933333333333331),(222,2.9066666666666663),(115,2.9333333333333331)
225,8,(228,2.1333333333333333),(79,2.1733333333333329),(224,2.3866666666666663),(134,2.4133333333333331),(73,2.4399999999999995),(84,2.5333333333333332),(342,2.7999999999999998),(223,2.8666666666666667)
226,8,(227,1.2133333333333334),(62,1.6933333333333331),(228,1.8666666666666665),(112,2.0533333333333332),(133,2.0799999999999996),(73,2.1733333333333329),(222,2.2266666666666666),(128,2.5733333333333333)
227,8,(226,1.2133333333333334),(222,1.6799999999999999),(112,1.9333333333333331),(341,1.9866666666666666),(6,2.0133333333333332),(353,2.0133333333333332),(223,2.0799999999999996),(154,2.1199999999999997)
228,8,(101,1.52),(112,1.8133333333333332),(224,1.8533333333333333),(226,1.8666666666666665),(97,2.1333333333333333),(225,2.1333333333333333),(62,2.2266666666666666),(223,2.3333333333333335)
229,9,(195,1.3333333333333333),(146,1.3999999999999999),(116,1.4333333333333331),(96,1.6599999999999997),(185,2.0600000000000001),(360,2.293333333333333),(82,2.4333333333333331),(75,2.46),(277,2.46)
230,8,(232,1.9999999999999998),(82,3.04),(229,3.0600000000000001),(75,3.0666666666666673),(146,3.1266666666666669),(231,3.1600000000000001),(116,3.3733333333333335),(64,3.4133333333333336)
231,8,(232,2.1733333333333329),(230,3.1600000000000001),(229,3.2333333333333338),(177,3.3600000000000003),(187,3.4666666666666668),(64,3.7466666666666666),(116,3.8666666666666671),(146,3.9666666666666668)
232,8,(230,1.9999999999999998),(231,2.1733333333333329),(229,2.6066666666666665),(75,3.0666666666666669),(146,3.2066666666666666),(116,3.3733333333333335),(186,3.48),(31,3.7666666666666671)
233,8,(323,3.3600000000000003),(165,3.4000000000000004),(205,3.4000000000000004),(33,3.6082882882882878),(274,3.6933333333333338),(324,3.7600000000000007),(235,3.8400000000000003),(193,3.8933333333333335)
234,8,(102,3.96),(131,4.333333333333333),(247,5.0399999999999991),(205,5.1333333333333337),(152,5.253333333333333),(85,5.3000000000000007),(80,5.333333333333333),(107,5.3600000000000003)
235,8,(237,2.3999999999999999),(61,3.4266666666666672),(236,3.4933333333333332),(238,3.5066666666666668),(151,3.6000000000000001),(233,3.8400000000000003),(310,4.3733333333333331),(33,4.4349549549549554)
236,8,(237,3.2266666666666666),(235,3.4933333333333332),(238,4.3333333333333339),(310,5.1999999999999993),(151,5.4399999999999995),(273,5.6266666666666652),(311,5.6799999999999988),(351,5.6799999999999997)
237,8,(235,2.3999999999999999),(236,3.2266666666666666),(238,3.7733333333333339),(61,3.8266666666666671),(310,4.0266666666666664),(311,4.2133333333333329),(248,4.4400000000000004),(151,4.666666666666667)
238,8,(235,3.5066666666666668),(237,3.7733333333333339),(261,3.9866666666666664),(236,4.3333333333333339),(311,4.6533333333333333),(242,4.666666666666667),(98,4.7600000000000007),(318,4.7866666666666662)
239,8,(266,2.3733333333333331),(184,3),(267,3.0666666666666673),(163,3.3733333333333335),(348,3.373333333333334),(349,3.6666666666666665),(126,3.6799999999999997),(343,3.6933333333333334)
240,8,(347,3.1866666666666665),(344,3.4399999999999995),(126,3.666666666666667),(349,3.6799999999999997),(239,4.0133333333333336),(163,4.0266666666666673),(184,4.3466666666666667),(268,4.6666666666666661)
241,9,(350,3),(274,3.1599999999999997),(243,3.3333333333333335),(351,3.5466666666666669),(292,3.6933333333333338),(193,3.7599999999999998),(340,3.7733333333333334),(275,3.8133333333333335),(311,3.8133333333333335)
242,8,(247,3.0266666666666668),(30,3.4666666666666668),(246,3.7333333333333334),(25,4.0266666666666673),(352,4.0666666666666664),(324,4.0933333333333337),(318,4.1200000000000001),(350,4.1333333333333337)
243,8,(247,2.8266666666666667),(350,3),(30,3.0000000000000004),(358,3.0133333333333332),(193,3.0933333333333333),(244,3.2266666666666666),(241,3.3333333333333335),(310,3.3333333333333335)
244,8,(193,2.5333333333333332),(246,2.6266666666666669),(247,2.7199999999999998),(340,3.0000000000000004),(243,3.2266666666666666),(194,3.3599999999999999),(365,3.3600000000000008),(17,3.3999999999999999)
245,8,(319,2.4133333333333331),(365,2.773333333333333),(340,3.0800000000000001),(66,3.1199999999999997),(335,3.3866666666666663),(283,3.4000000000000004),(358,3.706666666666667),(275,3.7866666666666671)
246,8,(247,0.76000000000000001),(340,1.6266666666666665),(365,1.9333333333333331),(358,2.4133333333333331),(317,2.4399999999999995),(304,2.5066666666666664),(244,2.6266666666666669),(171,2.6666666666666665)
247,8,(246,0.76000000000000001),(340,1.72),(358,1.8399999999999999),(311,2.3466666666666667),(317,2.5333333333333332),(365,2.6933333333333329),(336,2.6933333333333334),(244,2.7199999999999998)
248,8,(310,3.0800000000000001),(181,3.1599999999999997),(193,3.3466666666666667),(205,3.8133333333333335),(189,4.3866666666666667),(151,4.4400000000000004),(237,4.4400000000000004),(13,4.4533333333333331)
249,8,(251,1.1599999999999999),(326,2.5066666666666664),(252,2.5199999999999996),(339,2.6799999999999997),(45,2.8600000000000003),(114,2.8733333333333335),(253,2.9733333333333332),(111,3.2600000000000002)
250,8,(113,2.333333333333333),(253,2.6733333333333333),(217,2.6933333333333338),(290,2.8399999999999999),(252,2.8866666666666667),(7,3.2266666666666666),(174,3.3333333333333335),(117,3.4933333333333341)
251,8,(249,1.1599999999999999),(252,1.6799999999999999),(253,2.7999999999999998),(212,2.9533333333333331),(326,3),(111,3.0866666666666669),(339,3.1466666666666665),(290,3.3000000000000003)
252,8,(251,1.6799999999999999),(253,2.4533333333333331),(249,2.5199999999999996),(326,2.6799999999999997),(174,2.8866666666666663),(250,2.8866666666666667),(290,2.9533333333333336),(157,3.2200000000000002)
253,8,(252,2.4533333333333331),(250,2.6733333333333333),(251,2.7999999999999998),(249,2.9733333333333332),(178,3.0333333333333337),(287,3.3399999999999999),(213,3.54),(157,3.5666666666666673)
254,9,(255,2.3733333333333331),(253,4.5999999999999996),(144,4.6466666666666665),(157,4.7000000000000002),(57,4.7400000000000002),(170,4.8599999999999994),(251,4.8666666666666663),(190,4.873333333333334),(302,4.873333333333334)
255,8,(254,2.3733333333333331),(253,3.6400000000000001),(251,3.8266666666666671),(252,3.8533333333333335),(174,3.9666666666666672),(249,4),(178,4.2733333333333334),(155,4.3000000000000007)
256,8,(160,1),(303,1.0133333333333334),(332,1.4533333333333331),(325,1.48),(168,1.5333333333333332),(279,1.5333333333333332),(307,1.5999999999999999),(322,1.6066666666666665)
257,9,(269,1.9666666666666663),(281,2.1933333333333334),(362,2.313333333333333),(322,2.3599999999999999),(261,2.6466666666666665),(360,2.6666666666666665),(277,2.833333333333333),(346,2.8666666666666667),(359,2.8666666666666667)
258,8,(260,1.3333333333333333),(280,1.7333333333333332),(259,2.1733333333333333),(332,2.2133333333333329),(256,2.3333333333333335),(168,2.5333333333333332),(160,2.666666666666667),(303,2.6799999999999997)
259,9,(281,0.73333333333333328),(303,0.82666666666666666),(332,1.2933333333333334),(8,1.3333333333333333),(285,1.3333333333333333),(277,1.3733333333333333),(279,1.3733333333333333),(9,1.4399999999999999),(148,1.4399999999999999)
260,8,(258,1.3333333333333333),(259,1.5066666666666666),(269,1.6666666666666665),(332,1.7866666666666666),(303,2.0133333333333332),(321,2.0399999999999996),(9,2.0666666666666664),(281,2.1066666666666665)
261,8,(277,1.1466666666666667),(281,1.7866666666666666),(284,1.7866666666666666),(259,1.8533333333333333),(116,2.1199999999999997),(260,2.3466666666666662),(83,2.3466666666666667),(345,2.3466666666666667)
262,8,(264,1.6666666666666665),(265,2.333333333333333),(19,2.5955555555555554),(22,3.0711111111111111),(263,3.3333333333333335),(62,3.382222222222222),(92,3.4222222222222225),(223,3.4888888888888889)
263,8,(92,2.7555555555555555),(264,3),(265,3.0000000000000004),(353,3.1111111111111107),(222,3.2488888888888887),(19,3.2622222222222224),(262,3.3333333333333335),(223,3.4888888888888889)
264,8,(262,1.6666666666666665),(265,2.6666666666666665),(19,2.9288888888888889),(263,3),(341,3.4177777777777778),(353,3.4444444444444446),(92,3.755555555555556),(333,3.8422222222222224)
265,8,(92,1.7555555555555553),(222,2.2488888888888887),(262,2.333333333333333),(264,2.6666666666666665),(19,2.9288888888888889),(27,2.9288888888888889),(147,2.9622222222222221),(263,3.0000000000000004)
266,8,(268,1.6933333333333331),(99,1.7066666666666666),(267,2.0266666666666664),(239,2.3733333333333331),(184,2.7066666666666666),(348,2.9999999999999996),(163,3),(60,3.0266666666666668)
267,8,(266,2.0266666666666664),(348,3.0266666666666664),(163,3.0266666666666668),(268,3.0533333333333337),(239,3.0666666666666673),(184,3.3999999999999999),(99,3.6800000000000002),(60,3.7199999999999998)
268,9,(266,1.6933333333333331),(281,2.9199999999999999),(349,3.0133333333333332),(267,3.0533333333333337),(347,3.1866666666666665),(99,3.4000000000000004),(344,3.4399999999999999),(8,3.5199999999999996),(259,3.5199999999999996)
269,8,(285,1.1733333333333333),(271,1.5066666666666666),(260,1.6666666666666665),(362,1.6799999999999999),(321,1.7066666666666666),(281,1.7733333333333332),(284,1.7999999999999998),(259,1.8399999999999999)
270,8,(219,1.0266666666666666),(218,1.2266666666666666),(362,1.3466666666666667),(321,1.3999999999999999),(307,1.4266666666666665),(279,1.4933333333333332),(306,1.5333333333333332),(325,1.5466666666666666)
271,8,(321,1.2133333333333334),(269,1.5066666666666666),(286,1.7066666666666666),(280,1.7599999999999998),(345,1.8399999999999999),(285,2.0133333333333332),(306,2.0133333333333332),(279,2.0266666666666664)
272,8,(282,2.333333333333333),(10,2.7999999999999998),(63,2.8266666666666667),(292,3.3733333333333335),(193,3.4933333333333336),(336,3.7333333333333338),(291,3.8266666666666667),(39,3.8799999999999999)
273,8,(275,3.2800000000000002),(274,3.4000000000000004),(318,3.4133333333333336),(193,3.52),(336,3.7066666666666674),(243,3.7600000000000002),(293,3.7600000000000002),(311,3.9466666666666672)
274,8,(193,2.9199999999999999),(241,3.1599999999999997),(275,3.3466666666666667),(273,3.4000000000000004),(292,3.4666666666666668),(317,3.5333333333333337),(357,3.5600000000000001),(233,3.6933333333333338)
275,8,(311,1.9999999999999998),(340,2.0399999999999996),(336,2.3199999999999998),(318,2.5333333333333332),(66,2.666666666666667),(350,2.813333333333333),(358,2.8266666666666667),(293,2.8533333333333331)
276,8,(358,3.0800000000000001),(30,3.0933333333333333),(350,3.0933333333333333),(175,3.1600000000000001),(275,3.2400000000000002),(311,3.2400000000000002),(335,3.5066666666666664),(336,3.5600000000000001)
277,8,(261,1.1466666666666667),(281,1.3599999999999999),(259,1.3733333333333333),(284,1.6000000000000001),(116,1.6933333333333331),(83,1.8666666666666665),(159,1.96),(125,2.0266666666666664)
278,8,(188,2.8533333333333331),(96,2.9199999999999999),(286,3.0533333333333337),(83,3.0800000000000001),(159,3.4133333333333331),(285,3.4133333333333336),(277,3.4533333333333336),(82,3.48)
279,8,(8,0.70666666666666667),(345,1.2),(303,1.2133333333333334),(321,1.24),(9,1.2666666666666666),(281,1.3066666666666666),(259,1.3733333333333333),(325,1.3866666666666665)
280,8,(321,0.97333333333333327),(168,1.4666666666666668),(345,1.5999999999999999),(258,1.7333333333333332),(279,1.7333333333333332),(270,1.7599999999999998),(271,1.7599999999999998),(332,1.8133333333333332)
281,8,(259,0.73333333333333328),(279,1.3066666666666666),(277,1.3599999999999999),(9,1.3733333333333333),(8,1.3999999999999999),(285,1.3999999999999999),(303,1.4266666666666665),(284,1.5733333333333333)
282,8,(336,1.3999999999999999),(311,2.253333333333333),(272,2.333333333333333),(335,2.6799999999999997),(210,2.7333333333333334),(211,2.8666666666666667),(317,3.1066666666666665),(291,3.1733333333333329)
283,8,(358,2.3599999999999999),(340,2.4799999999999995),(311,2.5199999999999996),(336,2.8399999999999999),(318,3.0533333333333332),(294,3.1600000000000006),(275,3.1866666666666665),(293,3.3733333333333335)
284,8,(345,1.4666666666666668),(281,1.5733333333333333),(277,1.6000000000000001),(159,1.6399999999999999),(259,1.6400000000000001),(285,1.6400000000000001),(261,1.7866666666666666),(269,1.7999999999999998)
285,8,(269,1.1733333333333333),(259,1.3333333333333333),(281,1.3999999999999999),(220,1.4399999999999999),(284,1.6400000000000001),(325,1.9866666666666666),(159,1.9999999999999998),(271,2.0133333333333332)
286,8,(221,1.3733333333333333),(159,1.6933333333333331),(271,1.7066666666666666),(219,1.7999999999999998),(284,1.9999999999999998),(149,2),(96,2.1333333333333333),(345,2.1333333333333333)
287,8,(155,1.6666666666666665),(114,1.7599999999999998),(45,1.7733333333333332),(313,1.9866666666666666),(289,2.0533333333333332),(94,2.2399999999999998),(301,2.3866666666666663),(87,2.4399999999999995)
288,8,(290,2.6799999999999997),(169,2.746666666666667),(301,3.106666666666666),(111,3.1333333333333333),(108,3.2133333333333334),(213,3.6933333333333334),(316,3.7066666666666666),(155,3.8266666666666667)
289,8,(287,2.0533333333333332),(301,3),(155,3.0533333333333332),(192,3.1466666666666665),(45,3.1600000000000006),(162,3.186666666666667),(313,3.2666666666666666),(65,3.3199999999999994)
290,10,(108,1.8933333333333331),(169,2.0666666666666664),(213,2.3733333333333331),(216,2.6399999999999997),(214,2.6799999999999997),(288,2.6799999999999997),(300,2.6933333333333334),(145,2.8399999999999999),(250,2.8399999999999999),(287,2.8399999999999999)
291,9,(309,1.3466666666666667),(305,1.9066666666666665),(317,2.0666666666666664),(357,2.7066666666666666),(318,2.7866666666666666),(275,3.0800000000000001),(311,3.0800000000000001),(25,3.1200000000000001),(340,3.1200000000000001)
292,8,(272,3.3733333333333335),(294,3.4266666666666667),(311,3.4533333333333336),(274,3.4666666666666668),(243,3.6399999999999997),(310,3.6400000000000006),(241,3.6933333333333338),(283,3.7333333333333338)
293,8,(318,2.3466666666666667),(275,2.8533333333333331),(317,3.04),(283,3.3733333333333335),(335,3.4133333333333336),(336,3.4666666666666668),(311,3.52),(340,3.5600000000000001)
294,8,(311,2.6933333333333338),(309,3.1199999999999997),(283,3.1600000000000006),(340,3.3466666666666662),(275,3.3600000000000003),(292,3.4266666666666667),(329,3.4933333333333332),(310,3.5466666666666669)
295,8,(6,1.1333333333333333),(200,1.7999999999999998),(154,1.9333333333333331),(354,1.9733333333333332),(54,2.2399999999999998),(202,2.253333333333333),(128,2.4533333333333331),(341,2.4666666666666668)
296,8,(24,1.7066666666666666),(299,1.7733333333333332),(222,2.0133333333333332),(227,2.3333333333333335),(6,2.3466666666666662),(200,2.3466666666666662),(92,2.4799999999999995),(354,2.4933333333333332)
297,8,(154,2.273333333333333),(147,3.1200000000000001),(112,3.2066666666666666),(101,3.206666666666667),(295,3.5400000000000005),(223,3.6466666666666661),(227,3.7266666666666661),(6,3.7399999999999993)
298,8,(44,2.1999999999999997),(295,2.4933333333333332),(354,2.52),(84,2.5333333333333332),(299,2.5733333333333333),(6,2.6933333333333334),(341,2.6933333333333334),(101,2.7466666666666666)
299,8,(296,1.7733333333333332),(354,2.0533333333333332),(202,2.333333333333333),(97,2.4399999999999995),(341,2.5466666666666664),(298,2.5733333333333333),(295,2.5866666666666664),(154,2.6533333333333329)
300,8,(302,1.6666666666666665),(196,1.6933333333333334),(312,2.0133333333333332),(167,2.3466666666666667),(212,2.3733333333333331),(314,2.4266666666666663),(313,2.4533333333333331),(108,2.5866666666666664)
301,8,(287,2.3866666666666663),(127,2.4399999999999995),(196,2.5466666666666664),(192,2.813333333333333),(111,2.9066666666666663),(313,2.9333333333333331),(289,3),(288,3.106666666666666)
302,9,(300,1.6666666666666665),(212,2.6266666666666665),(190,2.6666666666666665),(196,2.6933333333333334),(312,2.9866666666666664),(65,3.1333333333333333),(301,3.1866666666666665),(50,3.2400000000000002),(314,3.2400000000000002)
303,8,(160,0.67999999999999994),(259,0.82666666666666666),(256,1.0133333333333334),(332,1.1333333333333333),(325,1.1599999999999999),(279,1.2133333333333334),(307,1.28),(308,1.2933333333333334)
304,8,(246,2.5066666666666664),(365,2.5733333333333333),(358,2.7599999999999998),(340,2.8799999999999999),(311,2.9199999999999999),(247,3.2666666666666671),(317,3.3999999999999999),(350,3.4399999999999999)
305,8,(291,1.9066666666666665),(317,2.6399999999999997),(52,3.2266666666666666),(309,3.253333333333333),(25,3.4533333333333331),(340,3.4533333333333331),(283,3.6933333333333334),(320,3.7066666666666666)
306,8,(308,1.1333333333333333),(219,1.1733333333333333),(321,1.4666666666666666),(270,1.5333333333333332),(256,1.8399999999999999),(325,1.9866666666666666),(8,1.9999999999999998),(271,2.0133333333333332)
307,8,(303,1.28),(270,1.4266666666666665),(332,1.48),(256,1.5999999999999999),(221,1.8399999999999999),(160,1.9333333333333331),(345,1.9333333333333331),(321,1.9733333333333332)
308,8,(219,0.97333333333333327),(325,1.1199999999999999),(306,1.1333333333333333),(9,1.24),(220,1.24),(303,1.2933333333333334),(331,1.4666666666666666),(256,1.6399999999999999)
309,8,(291,1.3466666666666667),(357,2.6933333333333338),(317,2.7199999999999998),(329,3.0399999999999996),(311,3.0933333333333328),(275,3.0933333333333333),(310,3.0933333333333337),(294,3.1199999999999997)
310,8,(335,2.746666666666667),(248,3.0800000000000001),(309,3.0933333333333337),(243,3.3333333333333335),(311,3.52),(294,3.5466666666666669),(292,3.6400000000000006),(55,3.7466666666666661)
311,8,(336,0.98666666666666658),(275,1.9999999999999998),(358,2.1599999999999997),(282,2.253333333333333),(335,2.2666666666666666),(247,2.3466666666666667),(283,2.5199999999999996),(318,2.5333333333333332)
312,8,(316,1.7333333333333334),(300,2.0133333333333332),(314,2.4133333333333331),(111,2.4399999999999999),(108,2.5733333333333333),(18,2.7066666666666666),(94,2.7199999999999998),(127,2.9066666666666672)
313,8,(94,1.0800000000000001),(114,1.7466666666666666),(287,1.9866666666666666),(326,2.1133333333333333),(314,2.2133333333333329),(327,2.4399999999999999),(300,2.4533333333333331),(111,2.6933333333333334)
314,8,(339,1.7533333333333332),(108,2.1599999999999997),(313,2.2133333333333329),(327,2.2266666666666666),(364,2.2399999999999998),(312,2.4133333333333331),(300,2.4266666666666663),(94,2.4666666666666663)
315,8,(127,2.4266666666666663),(327,2.6933333333333334),(94,2.7199999999999998),(339,2.8333333333333335),(314,2.9199999999999999),(111,3.1066666666666669),(313,3.1333333333333333),(312,3.3333333333333335)
316,8,(312,1.7333333333333334),(108,2.4933333333333332),(127,2.8266666666666667),(302,3.4133333333333331),(190,3.4133333333333336),(111,3.5066666666666668),(250,3.5466666666666669),(288,3.7066666666666666)
317,8,(340,1.8533333333333333),(291,2.0666666666666664),(246,2.4399999999999995),(66,2.4799999999999995),(25,2.5199999999999996),(247,2.5333333333333332),(305,2.6399999999999997),(357,2.6933333333333334)
318,8,(293,2.3466666666666667),(275,2.5333333333333332),(311,2.5333333333333332),(350,2.6799999999999997),(291,2.7866666666666666),(320,2.9866666666666664),(283,3.0533333333333332),(335,3.0666666666666669)
319,8,(335,1.6933333333333331),(245,2.4133333333333331),(66,2.6266666666666665),(365,2.9733333333333332),(247,3.0533333333333332),(311,3.2933333333333334),(340,3.3333333333333335),(358,3.4533333333333331)
320,8,(318,2.9866666666666664),(69,3.0800000000000001),(311,3.1200000000000001),(282,3.373333333333334),(283,3.4000000000000008),(291,3.5333333333333332),(324,3.6799999999999997),(305,3.7066666666666666)
321,8,(345,0.70666666666666667),(280,0.97333333333333327),(168,1.1599999999999999),(332,1.1599999999999999),(271,1.2133333333333334),(279,1.24),(303,1.3599999999999999),(362,1.3866666666666665)
322,8,(256,1.6066666666666665),(308,1.6999999999999997),(359,1.8399999999999999),(9,1.8733333333333331),(303,1.9266666666666663),(160,1.9399999999999997),(219,2.273333333333333),(257,2.3599999999999999)
323,9,(13,3.0266666666666668),(61,3.2933333333333334),(233,3.3600000000000003),(39,3.8799999999999999),(205,4.0933333333333346),(33,4.3016216216216216),(1,4.3866666666666667),(25,4.3866666666666667),(208,4.3866666666666667)
324,8,(247,3.1200000000000001),(340,3.2666666666666666),(317,3.413333333333334),(291,3.4800000000000004),(320,3.6799999999999997),(246,3.6933333333333342),(233,3.7600000000000007),(25,3.933333333333334)
325,8,(220,0.54666666666666663),(218,1.0133333333333334),(308,1.1199999999999999),(362,1.1333333333333333),(303,1.1599999999999999),(279,1.3866666666666665),(219,1.48),(256,1.48)
326,8,(313,2.1133333333333333),(94,2.3666666666666667),(249,2.5066666666666664),(144,2.5133333333333332),(339,2.5199999999999996),(314,2.5666666666666669),(212,2.6200000000000001),(114,2.6333333333333333)
327,8,(114,2.0266666666666664),(144,2.1733333333333329),(314,2.2266666666666666),(313,2.4399999999999999),(326,2.6600000000000001),(29,2.6799999999999997),(94,2.6933333333333329),(315,2.6933333333333334)
328,9,(306,2.0533333333333332),(307,2.1599999999999997),(43,2.2266666666666666),(96,2.2266666666666666),(83,2.4399999999999995),(116,2.4533333333333331),(185,2.4933333333333332),(195,2.5533333333333332),(229,2.5533333333333332)
329,8,(317,3.0133333333333332),(357,3.0133333333333332),(309,3.0399999999999996),(110,3.0666666666666669),(130,3.4533333333333331),(311,3.4666666666666663),(275,3.4666666666666668),(294,3.4933333333333332)
330,8,(340,3.333333333333333),(317,3.8533333333333331),(25,3.9999999999999996),(66,4.04),(311,4.04),(246,4.293333333333333),(244,4.3333333333333339),(365,4.3600000000000003)
331,8,(220,1.1066666666666667),(308,1.4666666666666666),(325,1.6533333333333333),(361,1.7066666666666666),(303,1.8266666666666664),(89,2.1200000000000001),(219,2.1733333333333329),(256,2.1733333333333333)
332,8,(303,1.1333333333333333),(321,1.1599999999999999),(259,1.2933333333333334),(279,1.4133333333333333),(256,1.4533333333333331),(307,1.48),(270,1.5733333333333333),(168,1.6533333333333333)
333,8,(24,2.3533333333333331),(6,2.4066666666666663),(147,2.4533333333333331),(334,2.5266666666666664),(353,2.6200000000000001),(222,2.7400000000000002),(337,2.7466666666666666),(354,2.7666666666666666)
334,8,(24,1.8799999999999999),(342,2.1733333333333329),(222,2.2666666666666666),(354,2.4266666666666663),(333,2.5266666666666664),(341,2.7333333333333334),(296,2.9199999999999999),(92,3.1066666666666665)
335,8,(319,1.6933333333333331),(311,2.2666666666666666),(282,2.6799999999999997),(336,2.7199999999999998),(247,2.7466666666666666),(310,2.746666666666667),(352,3.0133333333333328),(318,3.0666666666666669)
336,8,(311,0.98666666666666658),(282,1.3999999999999999),(275,2.3199999999999998),(358,2.4799999999999995),(247,2.6933333333333334),(335,2.7199999999999998),(171,2.7333333333333334),(283,2.8399999999999999)
337,8,(338,2.2999999999999998),(6,2.4866666666666664),(128,2.5),(353,2.54),(133,2.6733333333333333),(333,2.7466666666666666),(342,2.9399999999999999),(62,2.9533333333333336)
338,8,(24,2.1333333333333333),(6,2.1866666666666665),(342,2.2399999999999998),(337,2.2999999999999998),(134,2.3600000000000003),(201,2.4266666666666663),(353,2.5066666666666668),(295,2.6533333333333329)
339,8,(364,1.5133333333333332),(314,1.7533333333333332),(326,2.5199999999999996),(249,2.6799999999999997),(315,2.8333333333333335),(327,2.8599999999999999),(114,2.8866666666666667),(108,2.9266666666666667)
340,8,(246,1.6266666666666665),(365,1.6933333333333331),(247,1.72),(317,1.8533333333333333),(66,2.0399999999999996),(275,2.0399999999999996),(358,2.1199999999999997),(283,2.4799999999999995)
341,8,(354,1.8266666666666664),(353,1.9733333333333332),(227,1.9866666666666666),(6,2),(97,2.1066666666666665),(54,2.2266666666666666),(222,2.333333333333333),(62,2.4666666666666663)
342,8,(354,1.0800000000000001),(24,1.7066666666666666),(353,1.7333333333333332),(334,2.1733333333333329),(338,2.2399999999999998),(6,2.4266666666666667),(202,2.6933333333333334),(296,2.7466666666666661)
343,8,(348,2.3466666666666662),(184,2.6933333333333338),(163,3.0133333333333332),(266,3.3466666666666662),(126,3.3466666666666667),(347,3.5066666666666668),(60,3.6799999999999997),(239,3.6933333333333334)
344,8,(349,1.1200000000000001),(347,2.4133333333333331),(126,3.1066666666666665),(184,3.1200000000000001),(163,3.413333333333334),(240,3.4399999999999995),(268,3.4399999999999999),(71,3.7066666666666666)
345,8,(321,0.70666666666666667),(279,1.2),(303,1.3466666666666667),(158,1.3599999999999999),(221,1.4266666666666665),(284,1.4666666666666668),(8,1.5066666666666666),(259,1.5066666666666666)
346,8,(70,1.9133333333333331),(159,1.9266666666666663),(284,2.2333333333333329),(345,2.2333333333333334),(321,2.273333333333333),(332,2.5533333333333332),(269,2.5666666666666669),(271,2.6066666666666665)
347,8,(349,2.2000000000000002),(344,2.4133333333333331),(126,2.8533333333333331),(163,3.1600000000000006),(240,3.1866666666666665),(268,3.1866666666666665),(266,3.4933333333333336),(343,3.5066666666666668)
348,9,(343,2.3466666666666662),(184,2.3733333333333331),(266,2.9999999999999996),(267,3.0266666666666664),(239,3.373333333333334),(163,4),(268,4.0266666666666664),(99,4.04),(122,4.04)
349,8,(344,1.1200000000000001),(347,2.2000000000000002),(126,2.6799999999999997),(268,3.0133333333333332),(184,3.3333333333333335),(266,3.373333333333334),(239,3.6666666666666665),(240,3.6799999999999997)
350,8,(318,2.6799999999999997),(358,2.6799999999999997),(340,2.773333333333333),(275,2.813333333333333),(311,2.813333333333333),(241,3),(243,3),(246,3.0666666666666664)
351,8,(105,3.3999999999999999),(241,3.5466666666666669),(243,3.5466666666666669),(110,3.7599999999999998),(93,3.773333333333333),(355,4.0266666666666673),(356,4.2133333333333329),(244,4.3200000000000003)
352,9,(335,3.0133333333333328),(304,3.5066666666666668),(110,3.52),(329,3.7866666666666666),(311,3.9199999999999999),(355,3.9200000000000004),(319,4.04),(30,4.0666666666666664),(242,4.0666666666666664)
353,8,(354,1.48),(342,1.7333333333333332),(341,1.9733333333333332),(227,2.0133333333333332),(6,2.0266666666666664),(112,2.0799999999999996),(222,2.3599999999999999),(54,2.4133333333333331)
354,8,(342,1.0800000000000001),(353,1.48),(6,1.5066666666666668),(341,1.8266666666666664),(295,1.9733333333333332),(154,2.04),(299,2.0533333333333332),(24,2.1199999999999997)
355,9,(352,3.9200000000000004),(351,4.0266666666666673),(32,4.3599999999999994),(110,4.3999999999999995),(242,4.6533333333333333),(350,4.8133333333333335),(358,4.8266666666666671),(243,4.8533333333333335),(356,4.8533333333333335)
356,8,(351,4.2133333333333329),(241,4.6666666666666679),(105,4.8133333333333326),(355,4.8533333333333335),(242,4.8666666666666663),(233,5.2000000000000011),(243,5.333333333333333),(329,5.3866666666666667)
357,8,(317,2.6933333333333334),(309,2.6933333333333338),(291,2.7066666666666666),(329,3.0133333333333332),(275,3.1200000000000001),(340,3.1600000000000001),(274,3.5600000000000001),(66,3.7866666666666666)
358,8,(247,1.8399999999999999),(340,2.1199999999999997),(311,2.1599999999999997),(283,2.3599999999999999),(246,2.4133333333333331),(336,2.4799999999999995),(365,2.4799999999999995),(350,2.6799999999999997)
359,8,(149,1.5666666666666667),(322,1.8399999999999999),(219,1.8999999999999997),(185,1.9666666666666663),(156,2.0333333333333332),(360,2.1999999999999997),(308,2.2066666666666666),(158,2.2599999999999998)
360,8,(195,1.7066666666666666),(100,1.7333333333333332),(185,1.8999999999999997),(70,1.9533333333333331),(277,2.1666666666666665),(125,2.1933333333333334),(281,2.1933333333333334),(359,2.1999999999999997)
361,8,(43,1.4666666666666666),(331,1.7066666666666666),(89,1.7466666666666666),(41,1.8266666666666667),(308,1.8399999999999999),(325,1.9466666666666665),(58,1.9999999999999998),(279,1.9999999999999998)
362,8,(325,1.1333333333333333),(270,1.3466666666666667),(321,1.3866666666666665),(220,1.4133333333333333),(218,1.4533333333333331),(219,1.6799999999999999),(256,1.6799999999999999),(269,1.6799999999999999)
363,8,(339,3.1400000000000001),(127,3.5466666666666673),(314,3.7200000000000002),(23,3.8800000000000003),(108,3.8800000000000003),(315,3.9733333333333332),(312,4.0266666666666664),(251,4.2866666666666671)
364,8,(339,1.5133333333333332),(314,2.2399999999999998),(108,2.7466666666666666),(167,3.0133333333333332),(287,3.1333333333333333),(312,3.3199999999999994),(315,3.3466666666666667),(327,3.3466666666666667)
365,8,(340,1.6933333333333331),(246,1.9333333333333331),(66,2.3466666666666662),(358,2.4799999999999995),(304,2.5733333333333333),(247,2.6933333333333329),(245,2.773333333333333),(317,2.8266666666666667)
