0,3,(185,1.3333333333333333),(149,1.4666666666666666),(156,1.6666666666666665)
1,3,(165,2.96),(10,3.8266666666666667),(13,4.0266666666666664)
2,3,(144,2.4666666666666663),(170,2.9199999999999999),(326,2.9799999999999995)
3,3,(175,1.7999999999999998),(189,2.8933333333333335),(171,3.2000000000000002)
4,3,(216,2.7333333333333334),(212,2.8933333333333331),(213,3.5333333333333341)
5,3,(197,2.2866666666666666),(137,2.3866666666666667),(199,2.54)
6,3,(295,1.1333333333333333),(354,1.5066666666666668),(222,1.6666666666666665)
7,3,(217,2.5333333333333332),(250,3.2266666666666666),(290,3.3999999999999999)
8,3,(279,0.70666666666666667),(168,1.0266666666666666),(259,1.3333333333333333)
9,3,(219,1.0666666666666667),(308,1.24),(279,1.2666666666666666)
10,3,(63,0.29333333333333333),(39,2.6799999999999997),(272,2.7999999999999998)
11,3,(186,1.3599999999999999),(185,1.4533333333333331),(177,1.9199999999999999)
12,3,(75,1.7066666666666666),(64,2.1866666666666665),(164,2.3599999999999999)
13,3,(323,3.0266666666666668),(61,3.7333333333333334),(39,3.813333333333333)
14,3,(65,2.3999999999999999),(191,3.0266666666666664),(312,3.1866666666666665)
15,3,(67,0.25333333333333335),(106,1.5999999999999999),(89,1.7866666666666666)
16,3,(64,1.7466666666666666),(158,2.04),(75,2.0666666666666664)
17,3,(194,2.7066666666666666),(244,3.3999999999999999),(66,3.6933333333333338)
18,4,(312,2.7066666666666666),(314,3.7866666666666671),(300,4.0266666666666664),(364,4.0266666666666664)
19,3,(227,2.3599999999999999),(92,2.5066666666666664),(262,2.5955555555555554)
20,3,(26,4.0266666666666664),(47,4.0533333333333337),(268,5.0000000000000009)
21,3,(277,3.3466666666666667),(181,3.3999999999999999),(197,3.5133333333333332)
22,3,(262,3.0711111111111111),(62,3.1200000000000001),(202,3.1333333333333333)
23,3,(314,3.4933333333333336),(326,3.5933333333333337),(252,3.6066666666666665)
24,3,(296,1.7066666666666666),(342,1.7066666666666666),(334,1.8799999999999999)
25,3,(317,2.5199999999999996),(291,3.1200000000000001),(305,3.4533333333333331)
26,3,(268,3.6933333333333338),(20,4.0266666666666664),(347,4.1600000000000001)
27,3,(92,2.5066666666666664),(222,2.6799999999999997),(265,2.9288888888888889)
28,3,(75,3.2400000000000002),(261,3.4266666666666667),(81,3.4933333333333341)
29,3,(144,2.1866666666666665),(327,2.6799999999999997),(326,3.3400000000000003)
30,3,(243,3.0000000000000004),(335,3.0800000000000001),(276,3.0933333333333333)
31,3,(16,2.4333333333333331),(164,2.9666666666666663),(75,3.0333333333333332)
32,3,(352,4.2800000000000002),(355,4.3599999999999994),(123,4.3866666666666667)
33,3,(61,2.3416216216216212),(233,3.6082882882882878),(13,4.0583783783783787)
34,3,(129,1.9236111111111109),(51,2.3369444444444443),(160,2.3369444444444447)
35,3,(16,2.0728888888888886),(79,2.4462222222222221),(158,2.6995555555555555)
36,3,(327,3.1205633802816899),(314,4.4394366197183093),(313,4.652769953051644)
37,3,(360,2.2999999999999998),(308,2.3733333333333335),(185,2.5333333333333337)
38,3,(313,3.1333333333333337),(94,3.3866666666666667),(326,3.6466666666666669)
39,3,(63,2.3866666666666663),(10,2.6799999999999997),(105,3.0933333333333337)
40,3,(41,2.313333333333333),(360,2.3466666666666667),(199,2.7599999999999998)
41,3,(43,1.0266666666666666),(89,1.4133333333333333),(279,1.8266666666666664)
42,3,(52,3.0133333333333332),(55,3.7199999999999998),(305,3.7866666666666671)
43,3,(41,1.0266666666666666),(361,1.4666666666666666),(89,1.7199999999999998)
44,3,(298,2.1999999999999997),(200,2.4933333333333332),(54,2.6133333333333333)
45,3,(287,1.7733333333333332),(114,2.0133333333333332),(72,2.0533333333333332)
46,3,(129,2.3999999999999999),(140,2.6799999999999997),(15,2.7466666666666666)
47,3,(99,3.6800000000000002),(20,4.0533333333333337),(268,4.3866666666666667)
48,3,(158,2.5866666666666664),(279,2.6933333333333334),(280,3.0399999999999996)
49,3,(45,3.8266666666666671),(155,3.9333333333333336),(57,4.0800000000000001)
50,3,(114,2.8666666666666667),(313,2.8799999999999999),(300,3.0933333333333333)
51,4,(89,1.7199999999999998),(34,2.3369444444444443),(58,2.7999999999999998),(361,2.7999999999999998)
52,4,(42,3.0133333333333332),(305,3.2266666666666666),(206,3.2800000000000002),(247,3.2800000000000002)
53,3,(310,4.0266666666666664),(61,4.4399999999999995),(165,4.7600000000000007)
54,3,(200,1.7733333333333332),(202,2.0133333333333332),(341,2.2266666666666666)
55,3,(291,3.3066666666666671),(309,3.3199999999999998),(311,3.5599999999999996)
56,3,(91,2.2800000000000002),(158,2.313333333333333),(195,2.333333333333333)
57,3,(300,3.0533333333333332),(94,3.0933333333333333),(302,3.2800000000000002)
58,3,(89,1.7466666666666666),(256,1.7999999999999998),(41,1.8266666666666667)
59,3,(146,1.2533333333333334),(64,2.2066666666666666),(185,2.2066666666666666)
60,3,(163,2.6933333333333334),(99,2.7333333333333334),(266,3.0266666666666668)
61,3,(33,2.3416216216216212),(323,3.2933333333333334),(39,3.4133333333333336)
62,3,(128,1.5466666666666666),(226,1.6933333333333331),(222,1.8666666666666665)
63,3,(10,0.29333333333333333),(39,2.3866666666666663),(272,2.8266666666666667)
64,3,(177,1.0533333333333332),(186,1.5599999999999998),(96,1.6799999999999999)
65,3,(14,2.3999999999999999),(302,3.1333333333333333),(287,3.2666666666666662)
66,3,(340,2.0399999999999996),(365,2.3466666666666662),(317,2.4799999999999995)
67,3,(15,0.25333333333333335),(89,1.7999999999999998),(106,1.8533333333333333)
68,3,(115,2.9866666666666664),(121,3.0800000000000005),(261,3.7199999999999998)
69,3,(320,3.0800000000000001),(282,3.7866666666666666),(305,4.04)
70,3,(159,1.5066666666666666),(158,1.6799999999999999),(345,1.6799999999999999)
71,3,(126,2.7333333333333334),(184,3.4133333333333331),(344,3.7066666666666666)
72,3,(45,2.0533333333333332),(114,2.7333333333333334),(287,3.1600000000000001)
73,3,(226,2.1733333333333329),(225,2.4399999999999995),(62,2.5333333333333332)
74,3,(129,1.6799999999999999),(158,1.8799999999999999),(303,1.8933333333333331)
75,3,(116,1.0266666666666666),(83,1.2),(12,1.7066666666666666)
76,3,(70,2.0133333333333332),(81,2.0266666666666664),(277,2.4399999999999995)
77,3,(80,3.7933333333333339),(86,4.4333333333333336),(142,4.5133333333333336)
78,4,(72,5),(289,5.546666666666666),(45,5.7199999999999998),(87,5.7199999999999998)
79,3,(84,2.04),(225,2.1733333333333329),(16,2.3733333333333331)
80,3,(139,1.4399999999999999),(131,3),(86,3.0266666666666673)
81,3,(75,1.7466666666666666),(76,2.0266666666666664),(116,2.0533333333333332)
82,3,(96,1.4399999999999999),(116,1.6666666666666665),(75,2.0266666666666664)
83,3,(75,1.2),(116,1.5599999999999998),(125,1.8399999999999999)
84,3,(79,2.04),(225,2.5333333333333332),(298,2.5333333333333332)
85,3,(131,3.6333333333333333),(139,3.8600000000000008),(80,3.9666666666666672)
86,3,(80,3.0266666666666673),(139,3.8000000000000003),(85,3.9933333333333341)
87,3,(287,2.4399999999999995),(190,3.0266666666666668),(45,3.3333333333333335)
88,3,(130,3.4399999999999999),(135,3.706666666666667),(317,4.333333333333333)
89,4,(41,1.4133333333333333),(43,1.7199999999999998),(51,1.7199999999999998),(160,1.7199999999999998)
90,3,(146,2.3599999999999999),(188,2.8999999999999999),(96,3.3666666666666671)
91,3,(56,2.2800000000000002),(229,2.7199999999999998),(161,2.7400000000000002)
92,3,(222,1.1599999999999999),(265,1.7555555555555553),(200,2.1599999999999997)
93,3,(110,2.6799999999999997),(351,3.773333333333333),(105,4.3733333333333331)
94,3,(313,1.0800000000000001),(114,1.3333333333333333),(287,2.2399999999999998)
95,3,(129,0.69333333333333325),(74,2.3466666666666662),(168,2.3599999999999999)
96,3,(185,1.0666666666666667),(116,1.1066666666666667),(195,1.3399999999999999)
97,3,(101,0.71999999999999997),(112,1.28),(128,1.9066666666666667)
98,3,(69,4.0933333333333337),(77,4.6200000000000001),(123,4.6933333333333334)
99,3,(266,1.7066666666666666),(163,2.7066666666666666),(60,2.7333333333333334)
100,3,(360,1.7333333333333332),(195,2.0266666666666664),(125,2.54)
101,3,(112,0.66666666666666663),(97,0.71999999999999997),(228,1.52)
102,4,(131,2.3733333333333331),(234,3.96),(80,4.04),(152,4.04)
103,3,(137,2.3933333333333331),(149,2.5),(116,2.5933333333333333)
104,3,(137,2.3733333333333331),(261,3.0266666666666668),(346,3.246666666666667)
105,3,(39,3.0933333333333337),(351,3.3999999999999999),(243,3.48)
106,3,(15,1.5999999999999999),(279,1.7999999999999998),(67,1.8533333333333333)
107,3,(135,4.1733333333333338),(52,4.3733333333333331),(119,4.5066666666666659)
108,3,(290,1.8933333333333331),(314,2.1599999999999997),(316,2.4933333333333332)
109,3,(105,4.7066666666666661),(135,4.8133333333333326),(358,4.8266666666666671)
110,3,(93,2.6799999999999997),(329,3.0666666666666669),(352,3.52)
111,3,(127,2.0133333333333332),(169,2.3866666666666663),(94,2.3866666666666667)
112,3,(101,0.66666666666666663),(97,1.28),(228,1.8133333333333332)
113,3,(250,2.333333333333333),(138,2.6799999999999997),(178,2.6933333333333334)
114,3,(94,1.3333333333333333),(313,1.7466666666666666),(287,1.7599999999999998)
115,3,(121,2.0666666666666664),(295,2.773333333333333),(224,2.9333333333333331)
116,3,(75,1.0266666666666666),(125,1.0533333333333332),(96,1.1066666666666667)
117,3,(216,3.0266666666666668),(113,3.1600000000000001),(250,3.4933333333333341)
118,3,(136,1.6000000000000001),(8,2.3733333333333331),(9,2.4000000000000004)
119,3,(52,4.2696078431372548),(135,4.367647058823529),(42,4.5539215686274517)
120,3,(159,2.1866666666666665),(277,2.4399999999999995),(116,2.746666666666667)
121,3,(115,2.0666666666666664),(68,3.0800000000000005),(226,3.1466666666666661)
122,3,(99,3.4133333333333336),(184,3.6666666666666665),(126,3.6800000000000002)
123,3,(32,4.3866666666666667),(318,4.6133333333333342),(98,4.6933333333333334)
124,3,(350,4.0533333333333346),(142,4.0933333333333328),(80,4.1466666666666665)
125,3,(116,1.0533333333333332),(70,1.8133333333333332),(83,1.8399999999999999)
126,3,(349,2.6799999999999997),(71,2.7333333333333334),(347,2.8533333333333331)
127,3,(111,2.0133333333333332),(315,2.4266666666666663),(301,2.4399999999999995)
128,3,(62,1.5466666666666666),(133,1.8266666666666664),(97,1.9066666666666667)
129,3,(95,0.69333333333333325),(74,1.6799999999999999),(34,1.9236111111111109)
130,3,(88,3.4399999999999999),(329,3.4533333333333331),(166,3.8266666666666675)
131,3,(102,2.3733333333333331),(80,3),(85,3.6333333333333333)
132,3,(179,2.6933333333333334),(138,3.0933333333333333),(127,3.4666666666666668)
133,3,(128,1.8266666666666664),(134,2.0666666666666664),(226,2.0799999999999996)
134,3,(112,2.0666666666666664),(133,2.0666666666666664),(338,2.3600000000000003)
135,3,(88,3.706666666666667),(52,3.8799999999999999),(206,4.0666666666666664)
136,3,(118,1.6000000000000001),(106,2.1333333333333333),(161,2.4533333333333336)
137,3,(104,2.3733333333333331),(5,2.3866666666666667),(103,2.3933333333333331)
138,3,(113,2.6799999999999997),(178,2.6800000000000002),(215,2.8533333333333331)
139,3,(80,1.4399999999999999),(131,3.773333333333333),(86,3.8000000000000003)
140,3,(116,1.4266666666666665),(8,1.6933333333333331),(96,1.8666666666666665)
141,3,(80,4.6133333333333333),(152,4.6933333333333334),(361,4.7466666666666661)
142,3,(124,4.0933333333333328),(130,4.4133333333333331),(210,4.4799999999999995)
143,3,(38,7.0133333333333328),(95,7.120000000000001),(215,7.333333333333333)
144,3,(327,2.1733333333333329),(29,2.1866666666666665),(2,2.4666666666666663)
145,3,(167,2.1466666666666665),(196,2.8266666666666667),(290,2.8399999999999999)
146,3,(59,1.2533333333333334),(229,1.3999999999999999),(96,1.7266666666666666)
147,3,(222,1.6199999999999997),(62,1.9133333333333331),(128,1.9666666666666666)
148,3,(160,0.73333333333333328),(168,1.1333333333333333),(9,1.3333333333333333)
149,3,(156,0.46666666666666667),(185,1.2),(187,1.4266666666666665)
150,3,(186,1.5333333333333332),(158,1.6799999999999999),(177,1.7466666666666666)
151,3,(235,3.6000000000000001),(152,3.9200000000000004),(1,4.253333333333333)
152,3,(83,3.813333333333333),(151,3.9200000000000004),(75,3.9466666666666663)
153,3,(181,2.7200000000000002),(180,3.3333333333333335),(55,3.7733333333333334)
154,3,(295,1.9333333333333331),(354,2.04),(227,2.1199999999999997)
155,3,(287,1.6666666666666665),(114,2.7599999999999998),(45,2.773333333333333)
156,4,(149,0.46666666666666667),(187,1.04),(0,1.6666666666666665),(185,1.6666666666666665)
157,3,(174,1.7733333333333332),(162,2.7999999999999998),(178,2.7999999999999998)
158,3,(345,1.3599999999999999),(161,1.3733333333333333),(149,1.4933333333333332)
159,4,(70,1.5066666666666666),(284,1.6399999999999999),(218,1.6933333333333331),(286,1.6933333333333331)
160,3,(303,0.67999999999999994),(148,0.73333333333333328),(256,1)
161,3,(158,1.3733333333333333),(345,2.0133333333333332),(220,2.0800000000000001)
162,3,(174,2.5733333333333333),(157,2.7999999999999998),(178,2.9333333333333331)
163,3,(60,2.6933333333333334),(99,2.7066666666666666),(266,3)
164,3,(186,1.6799999999999999),(116,1.7599999999999998),(185,1.7999999999999998)
165,3,(1,2.96),(233,3.4000000000000004),(205,4)
166,3,(211,3.04),(350,3.5599999999999996),(110,3.6800000000000002)
167,3,(196,2.0133333333333332),(145,2.1466666666666665),(300,2.3466666666666667)
168,3,(8,1.0266666666666666),(148,1.1333333333333333),(321,1.1599999999999999)
169,3,(290,2.0666666666666664),(111,2.3866666666666663),(108,2.6266666666666669)
170,3,(190,2.7333333333333338),(2,2.9199999999999999),(144,3.1200000000000001)
171,3,(175,2.333333333333333),(176,2.6266666666666665),(246,2.6666666666666665)
172,3,(189,2.773333333333333),(173,3.5066666666666668),(3,3.8799999999999994)
173,3,(189,2.0666666666666664),(180,2.7866666666666666),(171,2.8266666666666662)
174,3,(157,1.7733333333333332),(162,2.5733333333333333),(179,2.7199999999999998)
175,3,(3,1.7999999999999998),(171,2.333333333333333),(176,2.3733333333333331)
176,3,(175,2.3733333333333331),(210,2.5599999999999996),(171,2.6266666666666665)
177,3,(187,0.82666666666666666),(64,1.0533333333333332),(186,1.28)
178,3,(138,2.6800000000000002),(113,2.6933333333333334),(157,2.7999999999999998)
179,3,(132,2.6933333333333334),(174,2.7199999999999998),(178,3.0800000000000001)
180,3,(189,2.0533333333333332),(173,2.7866666666666666),(153,3.3333333333333335)
181,3,(134,2.6266666666666665),(182,2.7199999999999998),(153,2.7200000000000002)
182,3,(181,2.7199999999999998),(183,2.8666666666666663),(226,4)
183,3,(181,2.813333333333333),(182,2.8666666666666663),(55,3.6800000000000002)
184,3,(348,2.3733333333333331),(343,2.6933333333333338),(266,2.7066666666666666)
185,3,(96,1.0666666666666667),(149,1.2),(0,1.3333333333333333)
186,3,(177,1.28),(11,1.3599999999999999),(150,1.5333333333333332)
187,3,(177,0.82666666666666666),(156,1.04),(149,1.4266666666666665)
188,3,(186,2.4799999999999995),(278,2.8533333333333331),(90,2.8999999999999999)
189,3,(180,2.0533333333333332),(173,2.0666666666666664),(175,2.4266666666666663)
190,3,(302,2.6666666666666665),(170,2.7333333333333338),(313,2.7866666666666662)
191,3,(14,3.0266666666666664),(157,3.0800000000000001),(327,3.1466666666666669)
192,4,(301,2.813333333333333),(289,3.1466666666666665),(174,3.2000000000000002),(287,3.2000000000000002)
193,3,(244,2.5333333333333332),(274,2.9199999999999999),(243,3.0933333333333333)
194,3,(17,2.7066666666666666),(193,3.2266666666666666),(244,3.3599999999999999)
195,3,(229,1.3333333333333333),(96,1.3399999999999999),(116,1.5666666666666664)
196,3,(300,1.6933333333333334),(167,2.0133333333333332),(301,2.5466666666666664)
197,3,(199,1.7466666666666666),(83,2.0333333333333332),(5,2.2866666666666666)
198,3,(199,1.48),(70,2.5133333333333332),(197,2.5599999999999996)
199,3,(198,1.48),(197,1.7466666666666666),(83,2.2866666666666662)
200,3,(54,1.7733333333333332),(202,1.7866666666666666),(295,1.7999999999999998)
201,3,(203,1.1333333333333333),(200,2.4266666666666663),(338,2.4266666666666663)
202,3,(200,1.7866666666666666),(54,2.0133333333333332),(204,2.1599999999999997)
203,3,(201,1.1333333333333333),(200,2.2266666666666666),(44,3.0666666666666669)
204,3,(202,2.1599999999999997),(200,2.293333333333333),(79,2.8399999999999999)
205,3,(63,2.8399999999999999),(207,3.0666666666666673),(39,3.1200000000000001)
206,3,(208,2.1733333333333329),(52,3.2800000000000002),(209,3.4266666666666667)
207,3,(205,3.0666666666666673),(210,3.1333333333333329),(209,3.4399999999999999)
208,3,(209,1.4133333333333333),(206,2.1733333333333329),(211,3.1599999999999997)
209,3,(208,1.4133333333333333),(211,3.2399999999999998),(206,3.4266666666666667)
210,4,(211,2.2666666666666666),(176,2.5599999999999996),(171,2.7333333333333334),(282,2.7333333333333334)
211,3,(210,2.2666666666666666),(171,2.8666666666666667),(282,2.8666666666666667)
212,3,(300,2.3733333333333331),(326,2.6200000000000001),(302,2.6266666666666665)
213,3,(290,2.3733333333333331),(212,2.6933333333333334),(314,2.6933333333333334)
214,3,(216,2.0399999999999996),(290,2.6799999999999997),(196,3.0133333333333332)
215,3,(217,2.5333333333333332),(212,2.6799999999999997),(213,2.7066666666666666)
216,3,(214,2.0399999999999996),(290,2.6399999999999997),(4,2.7333333333333334)
217,3,(7,2.5333333333333332),(215,2.5333333333333332),(250,2.6933333333333338)
218,3,(325,1.0133333333333334),(219,1.1333333333333333),(270,1.2266666666666666)
219,3,(308,0.97333333333333327),(270,1.0266666666666666),(9,1.0666666666666667)
220,3,(325,0.54666666666666663),(331,1.1066666666666667),(308,1.24)
221,3,(219,1.0933333333333333),(218,1.3733333333333333),(286,1.3733333333333333)
222,3,(92,1.1599999999999999),(147,1.6199999999999997),(6,1.6666666666666665)
223,3,(224,1.8133333333333332),(227,2.0799999999999996),(228,2.3333333333333335)
224,3,(223,1.8133333333333332),(228,1.8533333333333333),(225,2.3866666666666663)
225,3,(228,2.1333333333333333),(79,2.1733333333333329),(224,2.3866666666666663)
226,3,(227,1.2133333333333334),(62,1.6933333333333331),(228,1.8666666666666665)
227,3,(226,1.2133333333333334),(222,1.6799999999999999),(112,1.9333333333333331)
228,3,(101,1.52),(112,1.8133333333333332),(224,1.8533333333333333)
229,3,(195,1.3333333333333333),(146,1.3999999999999999),(116,1.4333333333333331)
230,3,(232,1.9999999999999998),(82,3.04),(229,3.0600000000000001)
231,3,(232,2.1733333333333329),(230,3.1600000000000001),(229,3.2333333333333338)
232,3,(230,1.9999999999999998),(231,2.1733333333333329),(229,2.6066666666666665)
233,3,(323,3.3600000000000003),(165,3.4000000000000004),(205,3.4000000000000004)
234,3,(102,3.96),(131,4.333333333333333),(247,5.0399999999999991)
235,3,(237,2.3999999999999999),(61,3.4266666666666672),(236,3.4933333333333332)
236,3,(237,3.2266666666666666),(235,3.4933333333333332),(238,4.3333333333333339)
237,3,(235,2.3999999999999999),(236,3.2266666666666666),(238,3.7733333333333339)
238,3,(235,3.5066666666666668),(237,3.7733333333333339),(261,3.9866666666666664)
239,3,(266,2.3733333333333331),(184,3),(267,3.0666666666666673)
240,3,(347,3.1866666666666665),(344,3.4399999999999995),(126,3.666666666666667)
241,3,(350,3),(274,3.1599999999999997),(243,3.3333333333333335)
242,3,(247,3.0266666666666668),(30,3.4666666666666668),(246,3.7333333333333334)
243,3,(247,2.8266666666666667),(350,3),(30,3.0000000000000004)
244,3,(193,2.5333333333333332),(246,2.6266666666666669),(247,2.7199999999999998)
245,3,(319,2.4133333333333331),(365,2.773333333333333),(340,3.0800000000000001)
246,3,(247,0.76000000000000001),(340,1.6266666666666665),(365,1.9333333333333331)
247,3,(246,0.76000000000000001),(340,1.72),(358,1.8399999999999999)
248,3,(310,3.0800000000000001),(181,3.1599999999999997),(193,3.3466666666666667)
249,3,(251,1.1599999999999999),(326,2.5066666666666664),(252,2.5199999999999996)
250,3,(113,2.333333333333333),(253,2.6733333333333333),(217,2.6933333333333338)
251,3,(249,1.1599999999999999),(252,1.6799999999999999),(253,2.7999999999999998)
252,3,(251,1.6799999999999999),(253,2.4533333333333331),(249,2.5199999999999996)
253,3,(252,2.4533333333333331),(250,2.6733333333333333),(251,2.7999999999999998)
254,3,(255,2.3733333333333331),(253,4.5999999999999996),(144,4.6466666666666665)
255,3,(254,2.3733333333333331),(253,3.6400000000000001),(251,3.8266666666666671)
256,3,(160,1),(303,1.0133333333333334),(332,1.4533333333333331)
257,3,(269,1.9666666666666663),(281,2.1933333333333334),(362,2.313333333333333)
258,3,(260,1.3333333333333333),(280,1.7333333333333332),(259,2.1733333333333333)
259,3,(281,0.73333333333333328),(303,0.82666666666666666),(332,1.2933333333333334)
260,3,(258,1.3333333333333333),(259,1.5066666666666666),(269,1.6666666666666665)
261,3,(277,1.1466666666666667),(281,1.7866666666666666),(284,1.7866666666666666)
262,3,(264,1.6666666666666665),(265,2.333333333333333),(19,2.5955555555555554)
263,3,(92,2.7555555555555555),(264,3),(265,3.0000000000000004)
264,3,(262,1.6666666666666665),(265,2.6666666666666665),(19,2.9288888888888889)
265,3,(92,1.7555555555555553),(222,2.2488888888888887),(262,2.333333333333333)
266,3,(268,1.6933333333333331),(99,1.7066666666666666),(267,2.0266666666666664)
267,3,(266,2.0266666666666664),(348,3.0266666666666664),(163,3.0266666666666668)
268,3,(266,1.6933333333333331),(281,2.9199999999999999),(349,3.0133333333333332)
269,3,(285,1.1733333333333333),(271,1.5066666666666666),(260,1.6666666666666665)
270,3,(219,1.0266666666666666),(218,1.2266666666666666),(362,1.3466666666666667)
271,3,(321,1.2133333333333334),(269,1.5066666666666666),(286,1.7066666666666666)
272,3,(282,2.333333333333333),(10,2.7999999999999998),(63,2.8266666666666667)
273,3,(275,3.2800000000000002),(274,3.4000000000000004),(318,3.4133333333333336)
274,3,(193,2.9199999999999999),(241,3.1599999999999997),(275,3.3466666666666667)
275,3,(311,1.9999999999999998),(340,2.0399999999999996),(336,2.3199999999999998)
276,3,(358,3.0800000000000001),(30,3.0933333333333333),(350,3.0933333333333333)
277,3,(261,1.1466666666666667),(281,1.3599999999999999),(259,1.3733333333333333)
278,3,(188,2.8533333333333331),(96,2.9199999999999999),(286,3.0533333333333337)
279,3,(8,0.70666666666666667),(345,1.2),(303,1.2133333333333334)
280,3,(321,0.97333333333333327),(168,1.4666666666666668),(345,1.5999999999999999)
281,3,(259,0.73333333333333328),(279,1.3066666666666666),(277,1.3599999999999999)
282,3,(336,1.3999999999999999),(311,2.253333333333333),(272,2.333333333333333)
283,3,(358,2.3599999999999999),(340,2.4799999999999995),(311,2.5199999999999996)
284,3,(345,1.4666666666666668),(281,1.5733333333333333),(277,1.6000000000000001)
285,3,(269,1.1733333333333333),(259,1.3333333333333333),(281,1.3999999999999999)
286,3,(221,1.3733333333333333),(159,1.6933333333333331),(271,1.7066666666666666)
287,3,(155,1.6666666666666665),(114,1.7599999999999998),(45,1.7733333333333332)
288,3,(290,2.6799999999999997),(169,2.746666666666667),(301,3.106666666666666)
289,3,(287,2.0533333333333332),(301,3),(155,3.0533333333333332)
290,3,(108,1.8933333333333331),(169,2.0666666666666664),(213,2.3733333333333331)
291,3,(309,1.3466666666666667),(305,1.9066666666666665),(317,2.0666666666666664)
292,3,(272,3.3733333333333335),(294,3.4266666666666667),(311,3.4533333333333336)
293,3,(318,2.3466666666666667),(275,2.8533333333333331),(317,3.04)
294,3,(311,2.6933333333333338),(309,3.1199999999999997),(283,3.1600000000000006)
295,3,(6,1.1333333333333333),(200,1.7999999999999998),(154,1.9333333333333331)
296,3,(24,1.7066666666666666),(299,1.7733333333333332),(222,2.0133333333333332)
297,3,(154,2.273333333333333),(147,3.1200000000000001),(112,3.2066666666666666)
298,3,(44,2.1999999999999997),(295,2.4933333333333332),(354,2.52)
299,3,(296,1.7733333333333332),(354,2.0533333333333332),(202,2.333333333333333)
300,3,(302,1.6666666666666665),(196,1.6933333333333334),(312,2.0133333333333332)
301,3,(287,2.3866666666666663),(127,2.4399999999999995),(196,2.5466666666666664)
302,3,(300,1.6666666666666665),(212,2.6266666666666665),(190,2.6666666666666665)
303,3,(160,0.67999999999999994),(259,0.82666666666666666),(256,1.0133333333333334)
304,3,(246,2.5066666666666664),(365,2.5733333333333333),(358,2.7599999999999998)
305,3,(291,1.9066666666666665),(317,2.6399999999999997),(52,3.2266666666666666)
306,3,(308,1.1333333333333333),(219,1.1733333333333333),(321,1.4666666666666666)
307,3,(303,1.28),(270,1.4266666666666665),(332,1.48)
308,3,(219,0.97333333333333327),(325,1.1199999999999999),(306,1.1333333333333333)
309,3,(291,1.3466666666666667),(357,2.6933333333333338),(317,2.7199999999999998)
310,3,(335,2.746666666666667),(248,3.0800000000000001),(309,3.0933333333333337)
311,3,(336,0.98666666666666658),(275,1.9999999999999998),(358,2.1599999999999997)
312,3,(316,1.7333333333333334),(300,2.0133333333333332),(314,2.4133333333333331)
313,3,(94,1.0800000000000001),(114,1.7466666666666666),(287,1.9866666666666666)
314,3,(339,1.7533333333333332),(108,2.1599999999999997),(313,2.2133333333333329)
315,3,(127,2.4266666666666663),(327,2.6933333333333334),(94,2.7199999999999998)
316,3,(312,1.7333333333333334),(108,2.4933333333333332),(127,2.8266666666666667)
317,3,(340,1.8533333333333333),(291,2.0666666666666664),(246,2.4399999999999995)
318,3,(293,2.3466666666666667),(275,2.5333333333333332),(311,2.5333333333333332)
319,3,(335,1.6933333333333331),(245,2.4133333333333331),(66,2.6266666666666665)
320,3,(318,2.9866666666666664),(69,3.0800000000000001),(311,3.1200000000000001)
321,4,(345,0.70666666666666667),(280,0.97333333333333327),(168,1.1599999999999999),(332,1.1599999999999999)
322,3,(256,1.6066666666666665),(308,1.6999999999999997),(359,1.8399999999999999)
323,3,(13,3.0266666666666668),(61,3.2933333333333334),(233,3.3600000000000003)
324,3,(247,3.1200000000000001),(340,3.2666666666666666),(317,3.413333333333334)
325,3,(220,0.54666666666666663),(218,1.0133333333333334),(308,1.1199999999999999)
326,3,(313,2.1133333333333333),(94,2.3666666666666667),(249,2.5066666666666664)
327,3,(114,2.0266666666666664),(144,2.1733333333333329),(314,2.2266666666666666)
328,4,(306,2.0533333333333332),(307,2.1599999999999997),(43,2.2266666666666666),(96,2.2266666666666666)
329,3,(317,3.0133333333333332),(357,3.0133333333333332),(309,3.0399999999999996)
330,3,(340,3.333333333333333),(317,3.8533333333333331),(25,3.9999999999999996)
331,3,(220,1.1066666666666667),(308,1.4666666666666666),(325,1.6533333333333333)
332,3,(303,1.1333333333333333),(321,1.1599999999999999),(259,1.2933333333333334)
333,3,(24,2.3533333333333331),(6,2.4066666666666663),(147,2.4533333333333331)
334,3,(24,1.8799999999999999),(342,2.1733333333333329),(222,2.2666666666666666)
335,3,(319,1.6933333333333331),(311,2.2666666666666666),(282,2.6799999999999997)
336,3,(311,0.98666666666666658),(282,1.3999999999999999),(275,2.3199999999999998)
337,3,(338,2.2999999999999998),(6,2.4866666666666664),(128,2.5)
338,3,(24,2.1333333333333333),(6,2.1866666666666665),(342,2.2399999999999998)
339,3,(364,1.5133333333333332),(314,1.7533333333333332),(326,2.5199999999999996)
340,3,(246,1.6266666666666665),(365,1.6933333333333331),(247,1.72)
341,3,(354,1.8266666666666664),(353,1.9733333333333332),(227,1.9866666666666666)
342,3,(354,1.0800000000000001),(24,1.7066666666666666),(353,1.7333333333333332)
343,3,(348,2.3466666666666662),(184,2.6933333333333338),(163,3.0133333333333332)
344,3,(349,1.1200000000000001),(347,2.4133333333333331),(126,3.1066666666666665)
345,3,(321,0.70666666666666667),(279,1.2),(303,1.3466666666666667)
346,3,(70,1.9133333333333331),(159,1.9266666666666663),(284,2.2333333333333329)
347,3,(349,2.2000000000000002),(344,2.4133333333333331),(126,2.8533333333333331)
348,3,(343,2.3466666666666662),(184,2.3733333333333331),(266,2.9999999999999996)
349,3,(344,1.1200000000000001),(347,2.2000000000000002),(126,2.6799999999999997)
350,3,(318,2.6799999999999997),(358,2.6799999999999997),(340,2.773333333333333)
351,3,(105,3.3999999999999999),(241,3.5466666666666669),(243,3.5466666666666669)
352,3,(335,3.0133333333333328),(304,3.5066666666666668),(110,3.52)
353,3,(354,1.48),(342,1.7333333333333332),(341,1.9733333333333332)
354,3,(342,1.0800000000000001),(353,1.48),(6,1.5066666666666668)
355,3,(352,3.9200000000000004),(351,4.0266666666666673),(32,4.3599999999999994)
356,3,(351,4.2761904761904761),(241,4.7142857142857153),(105,4.8476190476190473)
357,3,(317,2.6933333333333334),(309,2.6933333333333338),(291,2.7066666666666666)
358,3,(247,1.8399999999999999),(340,2.1199999999999997),(311,2.1599999999999997)
359,3,(149,1.5666666666666667),(322,1.8399999999999999),(219,1.8999999999999997)
360,3,(195,1.7066666666666666),(100,1.7333333333333332),(185,1.8999999999999997)
361,3,(43,1.4666666666666666),(331,1.7066666666666666),(89,1.7466666666666666)
362,3,(325,1.1333333333333333),(270,1.3466666666666667),(321,1.3866666666666665)
363,3,(339,3.1400000000000001),(127,3.5466666666666673),(314,3.7200000000000002)
364,3,(339,1.5133333333333332),(314,2.2399999999999998),(108,2.7466666666666666)
365,3,(340,1.6933333333333331),(246,1.9333333333333331),(66,2.3466666666666662)
